cluster,dim_1,dim_2
0,3.826925264362609,-0.9699513026460976
0,3.765539374390832,1.3509022532138555
0,-1.4805398927897717,-1.1572143516563445
0,2.4587481871061967,-1.9690215269657667
0,0.27196109645941213,-1.7695813297684535
0,5.859274775409366,-2.016050781719722
0,-0.4451471570447248,-1.5404893910044972
0,5.523732059620369,-1.72324219368929
0,-1.352929613260012,-4.97245065796178
0,1.6849106863154575,0.19713443675836512
0,-1.0614319064110487,-0.9758153828247742
0,1.9614955908281382,-4.986162572122294
0,-2.3387594742335844,-3.006810676609613
0,3.68622974940004,-0.3418055404877872
0,0.7855749134410847,4.121886166936467
0,0.14809844619572968,-3.251006159173543
0,1.2580272181128722,-4.495919443350669
0,0.3525925787545382,4.7633307990381155
0,-2.3234843889042227,4.077305862817668
0,4.185979597930154,-3.1153896434684576
0,-4.862771441726143,2.123227952340186
0,-0.23606231073154582,4.228857461002182
0,1.8613512477374647,2.5408608532521715
0,0.861866598980534,-2.0297827930439527
0,-0.03462304189594314,-3.5994675173738715
0,3.269479441294942,-1.2603344848050215
0,-1.0112699220389907,5.977612152012533
0,5.190534664194946,-0.2625974789979428
0,0.3428315069269349,-2.2893516249660624
0,4.314378638728056,4.347760459928866
0,1.8768340195128028,-5.0690465927442565
0,0.43113709093543784,-6.155851708419066
0,-0.04260088176260658,-1.2130033434378877
0,-0.4131987318761482,-0.8745952845019181
0,0.8406516586304162,-3.6203210638490284
0,5.576528605622696,2.97305711761548
0,1.3228391856922992,-4.320803008593278
0,1.1865492180215231,-4.599873410673173
0,-2.77572206920851,-3.2811922006100134
0,4.5604159433961025,4.25576190588631
0,3.389117887467068,0.5359546122704829
0,3.674210132118611,3.4402251584203816
0,-4.651621104513945,0.728605803090234
0,0.36861601532806265,-3.5589468756523743
0,2.379107698791519,-5.325001198970644
0,3.6497636694575473,3.721324074773886
0,-0.19584594171347458,-5.630458305090628
0,3.660751588169491,-3.092593844351196
0,-2.3985217180474154,-1.7864567269806881
0,3.4984730298259197,-4.405240995672915
0,2.520402941407532,-1.3729270247242806
0,1.6711254452318978,0.017904956674599605
0,-0.8488369226309742,-3.878720883838874
0,3.41140152309083,-0.28233362171251525
0,1.2869579014418815,0.39427742002012794
0,-2.9150208771717874,-5.618649886982026
0,5.2166633230220025,1.4781785067556499
0,3.4331619557981243,-2.1863282187367625
0,2.8890094316885278,-3.7926006161051933
0,-3.2489022328017474,0.02975681828434912
0,-2.5005982295008735,-2.80972064775544
0,-4.672278558434914,-1.7710303808167838
0,4.6690975538441055,2.8824452650563397
0,3.367994947159313,2.6598542022865703
0,6.406067498196975,3.4004397383827865
0,-0.6815493200356706,2.558178308502647
0,3.402758787919216,-0.647062192124349
0,5.878311890388403,-1.7806901770419499
0,-3.9642483597039795,1.2789642975141384
0,0.17012355022701178,0.34093981854417865
0,2.5687891995648457,5.6066815711833815
0,4.315731959415726,-3.5124645995989785
0,-0.5143686938954837,4.032867718387562
0,0.09984133147669028,-0.8558920819158584
0,1.5116343515887083,-2.7575961118412042
0,-6.050424063287245,4.314950635831582
0,5.761195619117598,-2.880372864713544
0,-1.964893210796904,-2.1379717737183603
0,2.128814248944817,1.2413452985216025
0,2.8424557656885443,-6.458957793573698
0,1.1480543228965694,2.567465406134426
0,4.261481588353318,-0.493770594876255
0,2.24173582478889,1.111009378709943
0,1.050728693507838,-2.7724461810365155
0,0.8708836724746262,-3.2137386787434163
0,4.4333370195371415,0.3993528089047639
0,-6.527632846245024,-0.020739861015795183
0,1.9353439597039992,-4.384515144049119
0,-2.424203835234252,-4.6480265636342635
0,-2.9828687249959596,4.752949556607663
0,0.8348940979387928,4.461553499355747
0,-5.2992021907628954,1.8481588690959252
0,2.093696247563609,-1.0931364727771977
0,-6.036139501538832,0.332511714960935
0,2.667806582804228,-1.486996697012567
0,2.2951750839016642,4.398645363800849
0,-0.15326300288010328,-4.985802502574213
0,-3.0696205194690394,-3.227109407707095
0,2.178941102029374,-2.309035816260409
0,0.1237913323325022,3.608174176011985
1,-2.835099980172514,-2.1943540570969975
1,-0.3123245908516524,-0.1936546122665122
1,0.7274983988815175,4.889930137795404
1,-1.8538167469308124,3.694480020953883
1,4.121475067976931,0.9635347112668513
1,0.1886588158286891,-2.221379495722688
1,-0.8553113949958934,2.2236374966315293
1,1.788457535304841,0.604749248718436
1,1.5642152692209894,-1.447994181945049
1,1.6126840464420102,-0.418231884120864
1,3.393965477170654,-4.909372697528323
1,1.0593430368972758,-2.372966596520039
1,1.2490131685658064,-6.105408340986782
1,0.7470925911920421,3.0240938113232123
1,0.5602825617765761,0.35938786807500844
1,-3.8906226951529495,3.325248666051613
1,2.213277606440151,-1.1795285207975708
1,-3.0244286192901955,-2.1754630472137384
1,-1.566084292313357,4.982891686123108
1,3.8477717546483006,-0.1832003268572809
1,-1.3481175027623897,2.064111862619701
1,0.05363274237071539,0.4368766657283794
1,1.7334612346963183,1.2825496742124711
1,-1.676811177103029,-3.7863738232877475
1,-0.24760151437975866,2.0917476568003193
1,-1.5829745925737269,0.5366983975108411
1,-2.553794947556863,4.039737895731787
1,3.5073296316035227,-0.002576885749882699
1,-2.044854912676991,-2.2556129192691543
1,4.4109006738432015,-1.87545809509191
1,0.5242173693178699,-3.7179760890333693
1,4.438617279117062,2.3822120534980993
1,-1.5291500468265684,1.280590145297604
1,2.6512899472872262,4.8475352510353735
1,-4.620718918145924,0.4880839100898635
1,-1.5499987644655842,-0.7311844479707179
1,3.587682678556634,0.2890765063349109
1,0.7125374916770526,-2.9947336140305305
1,1.0198381461640806,3.130860150659864
1,-1.0231834829078497,-6.252519322954465
1,0.8242351141355829,-1.5617846418643924
1,-0.9000353479125995,-1.0376221999169313
1,1.4294179172924195,-5.011964000237213
1,3.807112986294691,-2.424030552620954
1,4.585403807628719,1.3771109320931505
1,-1.7905544894999188,-3.3551014382870537
1,2.0402205662374753,3.4066634130699023
1,1.6218262611290972,-2.5770794985826004
1,3.389613708972676,-0.17998912860376357
1,-4.33358261440394,-3.9075592419041647
1,2.6596355541443883,1.214478705987842
1,3.1652725314787737,-3.1639753912588886
1,-0.1750805924126939,-0.35272381764929706
1,-2.7182148631421774,-2.1315850606482
1,-0.11585697923283589,-4.377585417791072
1,1.5864962502625064,1.2640427493170507
1,1.157298638792158,-0.6132681856989741
1,-2.7534170426153475,0.9125779285424888
1,1.1623161655045444,3.9331027126252756
1,-0.2521715830129769,1.862853669557475
1,3.9137819469516417,-2.7663473683797486
1,1.693707287558441,-1.3571459093609508
1,1.9957213204161024,-3.672252674225482
1,2.2251891769720284,3.877690735226265
1,0.11593591139755496,-0.1000551107162058
1,0.24882661353657431,2.4753259886206944
1,0.9823384122727955,-1.5143867375408
1,2.921094736615519,0.8662732743374604
1,-4.416508553048358,2.068205919958571
1,3.0919426971643165,-3.257401293580464
1,-2.2112435828649724,-0.6280271243262386
1,5.077883631769957,1.785476202435525
1,-1.7059509261174208,1.8064211015427558
1,-3.359908278781622,-0.4433373087920038
1,-1.583767775134572,-0.04851746528102105
1,-4.5827572244128465,0.4184182698392275
1,0.10434844330475343,3.391743304054974
1,-0.13424487416999703,1.3966952768202434
1,1.8191588788572048,0.3400393757612068
1,-0.9717759870562156,-2.65512251409733
1,-5.0163144014242,-0.24982321898574342
1,-4.4417693445359285,-2.3198088525210023
1,2.3059736836887663,0.06981178707512076
1,-3.6480881351791425,3.145278834805843
1,2.487113886716953,-0.39767238787211373
1,-0.3733890117729,1.1142143337119486
1,1.7216524887116138,0.9580290890582062
1,4.02231646436604,-0.17710082888572015
1,-1.7319393646121597,1.575664529765405
1,-2.9233755593592097,-3.0434888747616493
1,-4.390439216720335,-0.725343022244893
1,1.2152490640660467,1.590259252428017
1,-2.437457816143932,-0.5076592791222874
1,0.9603649420313216,-2.608345116539505
1,2.160166086606486,2.0275227836035095
1,-1.920972099696842,0.9619914151596025
1,-2.058716176095758,-1.788435467254904
1,-0.8601162706058584,2.5783318688673855
1,-1.2621205579314694,-3.0056368917498415
1,-0.4162115403951824,0.38814378079114276
1,2.3442061436998793,2.9406986862362983
1,-0.6003866966616808,-2.775772491801288
1,0.15043854562230924,4.405824858926661
1,3.3784232545290998,3.1428433633940256
1,1.4487188029648126,-3.18948920773189
1,2.7147892538610474,1.5975689943624747
1,-0.06260968804090321,-2.0063279357141686
1,0.04342790538424244,1.8909025716215628
1,-1.4863395195411262,1.725994502832396
1,-0.1447038093181203,3.229928391797632
1,1.0981756884098035,-0.9088132768185493
1,1.2217587280185502,3.8309407428626856
1,-1.4431921266854215,3.3082307729865033
1,1.9357396623712881,3.399945067754516
1,-0.2883645907372263,-4.550486755455071
1,2.3575639936975326,-0.9019659025187623
1,-2.2604586632577144,2.5923289226929898
1,-2.2079424183063447,-2.4515479118150743
1,0.744031832992772,1.6876422936171982
1,-2.1213952913889127,1.7465800791867503
1,-3.7400557932101735,-1.4277337000711408
1,4.113438224767313,-3.9365351167693436
1,-0.7246217361198005,1.8632683983207357
1,4.851021551944691,-0.9806225103844031
1,-1.6595525871922372,1.8091791019064298
1,-2.521744473364242,-3.3923241951777396
1,-3.0720323393983735,2.2460503876852624
1,1.0026892941476695,3.254396259536684
1,3.8597254640309893,2.7988531148766174
1,1.8424397020642835,0.7122444021342019
1,1.4223215002398664,-0.2255384297076029
1,3.1714582597124825,2.458840884993361
1,-0.6115733321188477,4.176780643887396
1,0.9410892864395145,0.5288226623174864
1,3.0125825238698627,-2.4368859330669133
1,-0.990499980964197,-2.062320206263803
1,-4.527708534525479,-2.585808822379384
1,1.1246415346431897,-3.112995338287382
1,-1.8975156409531868,1.4598188207077385
1,0.8293360250199433,-4.157970320158401
1,0.31815115107236197,2.1088340762209006
1,-3.4333901990392577,3.635315308529666
1,0.9973817627206953,3.8694555569425257
1,-1.4766583818075785,2.0098764339139095
1,-4.430023784126072,1.3805181087255032
1,1.594415529778855,3.1232132708953704
1,3.1746167057650343,1.8845154745609525
1,-4.249250704421961,2.1086538201456255
1,4.739778841100856,-3.155665219427152
1,0.9952967835494002,2.326780193028741
1,-0.2871922027438008,3.142809545077755
1,1.7699792485445274,-5.7885552489420755
1,1.0641677299489338,-0.1764953529418111
1,-3.7073546281765717,-2.8182340495096097
1,-5.650209313646743,0.05739446414217084
1,0.06337779893995164,5.9052635535168285
1,-2.8408951800217292,-1.6201606862591995
1,-2.5996939078733385,4.72610162659427
1,-2.056213264407849,3.077368277800285
1,0.7010996973725043,-2.517357270845049
1,-0.9516935167788612,-1.4235371962986911
1,-0.6005167964979424,-4.422086051797251
1,-3.142955379929119,1.1319774823892121
1,2.2057094692286427,-0.2796526033975881
1,-2.5250905992559565,2.457848074025723
1,0.5217228089588924,2.577003863798354
1,3.0887749229661923,-4.42585028411411
1,-1.1809030284321231,-1.257703971549558
1,-3.7116793131456083,3.4092922244201187
1,4.266629107048646,-0.7055764964047166
1,2.030105627469176,4.903753615787811
1,2.3085949046912804,0.5130667677028097
1,-1.1954051448266025,1.1907995123049142
1,-1.0176901197787844,-3.763502198674036
1,-0.08735909136642332,4.53488159953331
1,-0.3456483526552618,1.446554309866577
1,-2.228792601283328,-3.11305700440156
1,-0.20193338180300419,-3.9408471748807887
1,0.20392569638766375,-1.6656672788012088
1,4.1078103069795615,-1.6569444249204275
1,0.6554254988141301,4.642058493975919
1,1.3853013764289854,-1.4318800958712397
1,-0.7569683220540315,-2.956272213881861
1,5.361035121348632,-0.22452447223287536
1,-0.5239293332024825,2.205959240208171
1,3.272381178531734,1.3070913801274746
1,1.5491133136333584,-4.232325659120202
1,-2.106749125296958,0.7084504199056033
1,-2.1504651496293237,0.25324624678113467
1,1.1674269866343785,0.10866680291738277
1,-0.10047316598496796,2.352035948507963
1,-3.295435306825719,-0.7883811433583983
1,-0.45187294990840216,0.8122107306050423
1,-2.8967866051987765,4.183213437648768
1,3.1184634727638514,-0.9612838937669113
1,-0.5908024869497955,-1.778290274431991
1,1.9821360149262583,5.805155029280529
1,3.0481976321054947,3.9314590549645563
1,-3.925174978055313,-4.334692295408967
1,-0.640859665171593,3.8216396755177784
1,-4.388217452243681,0.3248248476451533
1,-2.0108769705534795,-2.8024580886455595
1,-3.44237171444949,-3.5553646208531493
1,-0.7744876400766239,3.0240193895691356
1,0.028350196746309668,-2.8348347298470244
1,-0.7519220034278176,-2.680398165958005
1,-3.299531136537265,4.526348393383725
1,3.261537386594229,-0.6669948255704885
1,3.569526201855904,-2.197049845275585
1,3.912725827139443,2.147041255910531
1,-0.4262970711570973,-3.20095741810037
1,-3.407200619739351,-0.3540033249033976
1,-2.103282310892385,4.16763254344781
1,4.016089793827164,-2.1583798045782507
1,2.2884052084925766,-1.3877767418612301
1,-0.8509095181623164,-2.53311273775891
1,1.9267405516031657,1.511771438053205
1,-1.7938425143886865,0.20234269016914
1,0.3925492059311029,0.6884144467495437
1,-0.5766929566458002,-0.8528435271793555
1,1.531613957516764,-2.369575901297554
1,-2.8244594477018183,2.3761834064616343
1,-0.5215080842898216,-1.036122069179791
1,-0.30538111044186755,4.283921088743282
1,1.9241944964990667,-3.7935672195070134
1,2.807084366229594,-2.4646901616884462
1,-1.2262485067397306,0.5525136243952984
1,-1.5015420071166767,3.9178841452379682
1,-1.5312070961949718,-5.664712213019444
1,-1.9550123125075254,-4.160000197233598
1,2.95347423216753,-2.587193429296522
1,3.7068799703908084,3.1211783478182293
1,0.7623120129390027,2.3357960118756425
1,-0.6333520435782773,-3.689788474916191
1,-0.4421363468570801,-4.278300716396838
1,2.0197216427286198,-1.8334379511411345
1,-2.419377449278307,0.06693938193821233
1,-3.0291335956708556,-2.5987693405876016
1,-2.56770455468492,0.06663901093783041
1,2.5816099500880694,-3.71317428645548
1,3.166472293225124,1.6405657900612107
1,4.022398750136445,0.26762667051813527
1,5.12564771566679,0.8321057372363115
1,-4.587846974330247,1.1773331555374136
1,3.428588216720812,0.8303198430253488
1,4.428577100700899,0.7890448352373496
1,-0.5880064612629826,2.1340327317148393
1,-3.29762561054522,-1.7909230016994448
1,-4.116334228709106,1.9707226550111865
1,1.772977337144317,-4.06838705624164
1,1.1348232408809764,0.7947186225287199
1,1.7235923259312809,-2.9577353086737594
1,-1.943972841142524,4.182242014473995
1,-3.049257993180423,-1.322612793833153
1,0.46409683302777444,1.088346070145252
1,-2.582162837778957,2.1140018138445296
1,-3.401750992548613,-1.4173378354117547
1,-4.06430627392411,0.32386464661491066
1,-1.293176758208979,2.3293506473323853
1,-1.4596076820183055,-4.057045043925441
1,0.09937202853148522,2.6469639488688523
1,-3.2179842509364605,-2.5396364030474103
1,2.949096254893267,1.1797851967286574
1,-4.190809038450799,2.779485142442578
1,3.444039065717864,-2.426537283660053
1,1.4791939839068429,3.6093344211446055
1,-2.0545659528040336,2.0909331834397116
1,0.25344410942005907,-1.0616059863497054
1,-1.0667165305454827,4.180140393300525
1,1.6982846863833874,1.3496856273746056
1,2.4810332470899565,-3.09169954433688
1,-1.5716949970990395,3.98909481203948
1,-5.099426978274182,1.6948932158535779
1,-3.862688447619211,-0.7421785427547948
1,1.7623689704677443,-2.2314842973360323
1,-0.955258406434302,1.0782386515809959
1,1.4095042404475409,-3.8321473108921387
1,0.10972726877363397,0.8256296947689814
1,-5.478612445494373,2.368882010713356
1,-3.6731732465918876,0.629018355598524
1,-2.085200851530226,4.487239265283303
1,3.0454176213260555,-3.2046232309271914
1,-0.612611429863635,0.06031593345256086
1,-1.4095940185595133,-2.8399031591052717
1,4.400678761119481,-2.381461745988091
1,-1.6893347665655243,-1.5037954079114366
1,2.78904084567389,-3.206027569707926
1,-1.3578933939084388,-1.0746290120765551
1,4.439539279352604,-3.102645011334052
1,0.4028065890805719,-4.082314250050975
1,-2.3364568720844674,2.025398622151704
1,-3.42643734524108,-0.17377304954976155
1,1.638910356088013,2.2355278264874805
1,5.139841520005216,0.5094976572413666
1,-4.220023659311441,2.37236687313103
1,2.9967809611477905,2.36124636279127
1,-3.688963322129128,0.5480534470941396
1,0.07685131639451236,1.7854262119936457
1,2.1328891307246076,0.1037077677591806
1,-0.3174897172663765,1.9763429198021352
1,0.49255664141747474,3.004540444895531
1,-4.7010891801035894,-1.356088652802315
1,-2.151111232535168,-3.128622579004759
1,1.8967312512238768,-2.9519105055048858
1,-3.889461451796253,0.48987830485838385
1,-1.0089167185278058,4.991473668318978
1,4.440396017850653,0.15575880581465948
1,-0.17479954448108573,1.07068665593281
1,1.639878463587237,4.226468694944019
1,-2.8665974204796854,2.699423762469061
1,-4.655800260979656,4.077946579831556
1,0.43362341988449044,-4.326440299938127
1,-2.2120459614949115,-3.6497845815545573
1,2.771733541684845,-4.128334886675306
1,2.4655854010821905,1.9062586367923327
1,3.427942784365486,1.4285211615699882
1,1.809045473467746,-3.0274657757165353
1,0.32371747884629165,1.0188237062907086
1,-4.440108113958712,2.397053921214752
1,-1.106136769658338,-4.122515629413524
1,0.07843085105897254,1.525258858109109
1,3.3670572825356855,0.16808010571915294
1,2.1432267106797798,0.023296180308396117
1,0.5073333343260091,-1.1993774055613629
1,-2.7844531277485953,1.495235566298209
1,-1.6197638208107545,0.11662357836183267
1,1.1344255941470558,4.504686816689638
1,-4.924119790365146,-3.3811639132198783
1,4.438231010867784,-0.16940254222530757
1,-0.35489458500759474,-0.0498481036816855
1,0.74604393629574,-2.1081752613863656
1,1.927247191457097,-1.645406897217696
1,1.6835681254186674,-3.924987710602607
1,-4.402549576147863,-1.8168681580254984
1,-4.7128824181465,2.8130067492332422
1,-2.160020540997114,0.9313378762607106
1,0.898910137410626,3.492593872408199
1,-2.5910822934067936,-0.6927388131288956
1,-0.020183938455983746,-0.2388299506666512
1,-3.6479360717902836,-2.6435326950473894
1,-3.3250323165353084,2.0379178293046722
1,-1.1247842792512972,1.0449866391432376
1,-2.152480065805004,-4.908688259411485
1,0.8150999517726985,4.8058314780470495
1,4.034961406957967,1.69157806842062
1,-1.2025128156156248,1.5646178136937734
1,-1.4838198925724106,-3.588925100636945
1,-3.002500490959404,2.1591330300783533
1,2.275668445642141,1.8322464059210497
1,-6.535769438725196,-1.3411477879011093
1,-2.2216214546594757,0.9744010998046194
1,5.0909776485317755,1.8356910241752793
1,-1.5848104627835513,3.4201355233384056
1,-0.7954613707485668,0.05980888489121509
1,-1.5092109394561408,-4.65439375922776
1,-0.43947888797027457,5.902121523538521
1,0.3613511062471995,-2.4023444560923095
1,-0.49617218782701744,-0.2207473466911895
1,-1.1293248057622298,5.684622734279231
1,2.17340869171449,-4.402585979736586
1,-3.461357276951941,-1.3943784873955851
1,-3.308662887308082,0.20782936645990685
1,-3.8210110493588028,4.236200545861563
1,2.868522852471355,-1.8883899590715363
1,4.227710503187478,0.15265832404479193
1,1.273577735723644,2.104332094961266
1,-0.7312224660938659,0.8644342156342891
1,-4.653662016288956,0.04775195652510428
1,2.13596850987607,-2.484321961472572
1,-1.6229204500690355,2.96374027701055
1,4.858838859220515,0.5580589018171099
1,-1.5930902969329697,-1.8947830801596612
1,-4.635369018092932,-2.2487890377760222
1,-1.8058241866005211,-0.8321479010708914
1,0.442666896521177,-2.691361844888407
1,-1.219611775474766,0.8008808863928559
1,-1.9013582764219419,2.1293005587083162
1,-3.176159331384313,-4.44353514245502
1,2.538718791184669,1.2483919354497632
1,3.527051895793816,2.4045657932227664
1,-2.1701944211790947,-4.0752106897072915
1,-0.09708522106698562,0.1881873701934442
1,-5.081805214093858,0.9021207389036083
1,-1.1669984477949678,-2.314963187257818
1,-2.861297742886451,-0.8509377341677437
1,0.14584116910309478,-5.313462461744137
1,1.4855775817721322,0.10202108243832382
1,-1.7376216498103492,-3.2244192586297022
1,-1.030964163796399,1.8904582057410948
1,-1.7572114136598924,4.12701655538377
1,2.1864977750206407,-0.6551612660600376
1,-3.1227730487925056,-0.7419689553624529
1,0.27178783560424863,1.460596516521439
1,-4.525031363114834,-0.07263079342778737
1,-0.7133734156740937,0.5806458109923701
1,-1.6957372437248845,0.7589829213080613
1,0.6103554994744826,-1.0046515213430263
1,4.874887985639931,2.212443277890321
1,3.281931557112747,2.003124071372815
1,-1.5721546840963425,-1.3584972368899018
1,-3.0788401288577947,0.3066879901306718
1,1.52698566480874,-1.0683039540951635
1,1.0547246822674043,0.5954773089884191
1,4.441027219641783,2.3878046284487864
1,-3.429856278851135,1.3373988314247327
1,-1.995210800123378,-2.482840356726526
1,0.057873920246033266,3.0294014162283784
1,-1.3694515743899645,0.6070337411210442
1,-2.3252728989653946,3.2666141854034088
1,-1.9877342356954448,-1.1083572877164924
1,-2.225176611619784,-3.8690595902663265
1,0.5269324517484126,-5.111404029311969
1,2.49443499179253,-3.8830199391609224
1,4.291946064516264,-2.131827570720454
1,-2.5083967901157256,-1.284193938533985
1,-2.8809539682457497,-0.18443675485489064
1,1.9073327396191133,3.698631117484801
1,-0.8583113289895731,-2.8490927147118406
1,-2.624760487994567,-4.587481972051095
1,0.6152338738153068,-3.788076755137764
1,0.8827730736058832,-0.9958551045392555
1,-3.221074283345535,3.07343033427606
1,3.4105942856181497,-1.2854821055810828
1,0.4429061084124403,-2.414327935372771
1,-3.470130143769146,0.3532123231031919
1,0.31596559132587754,2.0193338087927497
1,-0.004671716395763788,2.7271033729802374
1,-2.211211570702272,3.323636493610759
1,-3.0182124308278677,-0.5508198637650569
1,-4.709901003283356,-3.826234412817846
1,4.917099161782159,-1.5059180233585419
1,4.190125484333503,-0.3338032259335526
1,0.0022337283155958046,4.259717771025436
1,-1.2027568940979863,0.25265793288735877
1,-2.6263739060103246,1.6038473851082722
1,-0.1360069896166184,-2.2756677052188934
1,-2.1454048955006417,-0.43372577651331795
1,3.053535598917824,-1.655342969665898
1,-0.6031813505288695,5.15657674069907
1,0.1650430477538013,-1.2138946927702439
1,-3.029702050226607,3.7514534914735576
1,-2.387077751159599,2.1732052373158433
1,-2.577066374428873,-2.4572873977886367
1,1.1864551085591322,5.047465761457673
1,-4.3625304657646735,-0.6198276027625883
1,1.3307434362970485,1.3051281311156966
1,2.385019924733729,3.9183669788103708
1,-2.149098343575038,0.35814847346521506
1,2.2437144238397697,2.68276911245116
1,-3.11649585053506,-2.8663750369249428
1,-2.001832818732302,-4.613931642407398
1,0.474611537344608,0.7450403530145129
1,-2.2179308476961443,1.4110687883142559
1,-1.2865265296838164,4.424533396995753
1,-3.4544458517232566,1.67277228869936
1,-0.3952066013772275,-3.843830988569354
1,-3.5726907967463184,1.972664001756566
1,-0.41232177564028355,1.7000659142275798
1,-1.0177978212353487,4.280381884922786
1,0.3454794930835753,-0.5328435486156116
1,-1.1038633017824808,1.3781477244390843
1,3.37378323167299,1.080648602164503
1,2.0575493173617634,1.8819672978708506
1,4.427823083674012,3.8237603793598605
1,-0.01758658576749901,-3.1259217662009977
1,-2.242915033071175,-0.7850454040700785
1,2.1964918751788387,-2.0168332169424277
1,-2.5326629558867135,1.7604087386464575
1,0.21850264887813772,-2.0349680970746573
1,-2.1174114403564075,-3.319435532829358
1,-1.588124561264658,-0.9611755737842006
1,0.5354725286829654,4.099036541524019
1,-3.1441699720339105,3.2495252966316115
1,-4.809228721958968,-0.40694503123636144
1,0.9085588264629322,-2.133990767193221
1,0.4817235194094138,-4.779675577257962
1,0.2529458591221025,3.0354874447050975
1,-0.9928383687721424,3.0354943854105505
1,-2.6070504398288485,-1.6152387870854996
1,3.991210871701648,-1.6343074955609072
1,-1.7961104061156166,2.9427834796083876
1,-2.74689215605364,3.950671389062937
1,1.2869085040650208,-0.22358839779569106
1,1.2031078592686009,2.3833765736466375
1,1.7359812797403078,-1.561584349333998
1,-0.8343102773551347,-0.11945998721304701
1,2.48066796639948,2.3317561772811772
1,-4.676718033133975,0.8533331774960807
1,1.9384149209638708,4.402998650347002
1,-1.9076684117562104,-4.260611739821201
1,-0.3919647676245714,0.12160720896450312
1,-3.880480047609375,0.8188742876595575
1,1.9761832944404742,2.2929332448007607
1,-3.6495510881221565,-0.06522033309642698
1,-0.3480193415701116,1.0437569742242032
1,1.9697400143938566,-2.354180554507192
1,0.3215913063732081,3.3661387335522783
1,-3.5372661782944563,2.746272670875242
1,2.084182652887459,3.0369412728817395
1,-2.2686583275838594,-1.2551041045059028
1,-2.1629019759710872,-1.465556823377751
1,4.250396592830713,-0.42372470775735066
1,-0.49132816006278723,-1.8147996396922306
1,0.4428782877890642,4.335705953876456
1,3.7363287722029526,2.058435718582853
1,2.666175345510047,-2.3026436360146505
1,-3.986202473886698,-2.2266063981514828
1,-1.2489987549939914,-3.268729634792798
1,-3.415846872785033,-1.8992931861066054
1,2.23858395841957,0.40735656721789254
1,3.987639922867849,-0.6705845312706782
1,1.8724340825758317,-2.419075202391856
1,4.269111249113337,-1.4036168338568198
1,-3.2739090105128756,-3.611487920345141
1,1.0985486259711694,-2.111132773043135
1,1.0737918506172168,3.517540469080225
1,-4.44505389972694,-0.2634422025676596
1,1.4962474398219154,4.790450489319024
1,2.7843448978585097,0.7458724140659311
1,1.1963212769764426,1.160786836588911
1,-1.3198060547853592,3.79751271643369
1,-1.083038667854049,3.865898132871626
1,-4.7727992110664195,2.473079724202293
1,2.0933186365688266,-1.4499426017377162
1,4.725727775886046,-3.3703775140511327
1,4.72002308862096,-2.042612437760584
1,0.223433328939634,1.1299643946910005
1,0.6118134096317449,-0.631008137050201
1,1.5015651350832646,-0.5701114083235401
1,0.9902445526935639,1.2958299192492173
1,3.100029718524193,0.8143362227709714
1,1.1758395154477992,-5.327911365351863
1,-1.2935004120469167,5.218990558051453
1,-0.5211149548822608,3.178037688246921
1,-3.1956070030756023,-1.1330943472251727
1,-2.2871679720118836,2.985063210557155
1,-2.2907193001980084,1.2790509634420633
1,-4.847295449123528,0.2267095245341068
1,-2.649114758058987,1.3440147217983534
1,3.707816005937085,-3.1680798064959745
1,-4.658639370606592,-1.576637991163641
1,-1.4075459512168385,-2.075196316372754
1,3.082022939315615,-1.52054139052352
1,-2.125204380481023,3.045247979280358
1,-0.4452499713938942,-1.8715449120887562
1,2.8104990147242823,-0.6843519854368524
1,0.5907144242924605,2.297324830334606
1,-2.7194244360501605,0.3267783987775362
1,-0.6033683421085455,-5.5627306021218725
1,-0.7318767023559959,-4.113751874824306
1,-0.5896813270804128,-1.19663238663523
1,-3.1502961185995972,0.46971926821824717
1,-3.423470331243438,-2.660956085081047
1,-1.1673162856690027,2.8857945685380675
1,-1.290504347992929,-0.25451403341545376
1,-2.4558744765007945,1.4051542545087312
1,-1.5984411354036574,2.768851909094343
1,-5.035012880642475,1.4576664634673306
1,-0.6013417154914551,0.8087632805449657
1,2.3756703965021684,-3.024539114113558
1,2.9149633375983024,1.2558168877476965
1,-1.1109660243918873,-1.333559130731461
1,1.1573650787586125,-1.302621504602277
1,0.1375718112580599,3.889633880193853
1,-2.821471640006442,-0.7686639142733602
1,-2.836355180582794,3.359061207203514
1,1.991956854127634,0.7223026074546554
1,1.1298965185440766,-4.140142782415273
1,-4.87623275440219,-2.8305086838355384
1,-1.1918460309408865,5.008404432598041
1,4.369238531665362,-3.058493788108801
1,-2.011882222382634,-1.3030614136912704
1,-0.18402479284272846,2.389608993738911
1,-3.244366778310617,0.7155767774690346
1,0.7078600610006232,2.617751712962229
1,3.957507957612294,0.39866841660103236
1,-4.011863260923829,-0.11480953109816017
1,-0.3458707040258339,-2.5745978471370545
1,1.182682719139569,-1.716132164183115
1,0.6375984100826677,-1.616337638851225
1,1.029878753636918,2.115902386545637
1,1.7025391053712216,-2.5729796394053785
1,-2.3544681131572425,3.7043573518630883
1,2.1426190417084947,2.2990070728424974
1,-4.858467511266058,-0.5017299764496028
1,3.4137574049566233,4.133039717456376
1,0.6413284295745703,-0.7176596871784464
1,0.5275382459234332,1.1254277336594078
1,0.1370525858899927,1.3276894083125816
1,3.4834967327117083,3.4460642550503975
1,-0.6436604820454092,-2.785031487109639
1,-1.177532512450594,-3.04875035364409
1,2.6038683865252357,-2.50546713358709
1,-3.677752417344411,1.5999550421149002
1,-0.48815070249626924,-2.3091603898084694
1,-1.0689834654637351,-0.6340402084502671
1,-0.9289892835589247,-3.4288249033724143
1,-4.414265822931099,-2.6515633970063845
1,0.7063195972707671,0.03672861983628287
1,3.0183350254965178,2.4414143667394765
1,0.5687955836410606,0.9323712424891781
1,1.6255901389342489,-3.6976697127381786
1,-1.0788545661159146,-1.5467234432668504
1,-4.80863309815422,-0.3553374281281416
1,-2.6248824439012086,-1.8878583226180818
1,0.8059595251252554,1.7185007400112167
1,0.07167556872481197,-2.981599032136037
1,-2.898895706558405,2.1372233362346083
1,-2.273492867130923,0.468213287909377
1,-4.423744994245049,-2.695328524348807
1,-1.4335636221358878,-0.4076549837313473
1,-3.048398565663723,-0.9762256425909889
1,0.3860429302469374,3.07112017751904
1,-4.473453257251107,-1.0200890077158296
1,1.0525592112256767,-3.0043554106367427
1,-2.0518398238696482,-0.08526747901197293
1,-2.655645674887829,2.9665445360903107
1,-1.8174769322539974,0.6950752308347716
1,-1.6126635075399463,-2.4670694248471485
1,4.683170776513258,2.6012969317537467
1,0.966311022862838,0.7254600019216053
1,-0.7554601213233548,-6.081916912879986
1,-4.23783025297423,1.0369561634844586
1,-1.455498483704964,-6.351112561136193
1,3.4386255557715013,-0.8244436236529683
1,2.6508329816474365,1.6436670188542524
1,-2.6809371473301127,3.350724119683947
1,-0.18154531483191919,3.9341464177671015
1,-2.9653940546125366,-2.3364454935212264
1,-3.0259741794120187,1.4411112285290484
1,2.5000502206161164,3.7190290803964765
1,0.7527826207853017,-0.49270639309928954
1,1.9516857783356127,-0.22512899302382153
1,0.8223383523441624,-0.41204819990830555
1,4.862329917246268,1.7763046225267993
1,0.5253889250377312,-0.9375034128287132
1,4.120556022423597,-2.6373802244904945
1,0.762587801202923,-3.0817156073689516
1,2.5192993379669466,-2.6944515282681496
1,-4.865772357418166,-0.9767702144262059
1,1.5380321637984045,3.652205984099207
1,-1.8928865162174229,1.1527324240067118
1,0.4546439467545498,1.8205686999730728
1,-1.2256271950310518,-0.46385679968255944
1,4.790496376077664,-1.344252566009727
1,1.536896871577782,-0.058338328627749195
1,4.709646203496152,-0.48053408218341337
1,0.04277346316805273,-0.2753885254387455
1,3.152478584119516,-0.5956093305598072
1,-3.8916256071968376,-1.0803502653550172
1,0.7166629057682407,3.4265996511638486
1,3.602052552121747,-3.797155736190688
1,0.9089245128923438,5.627675977412817
1,-3.84125129370007,-1.87282682113945
1,2.5622908684443635,1.3295590403912407
1,-0.8001500079691709,-3.559995994872363
1,3.3341447206137613,-1.242306764836692
1,-0.23080156587145387,-1.2576454430487691
1,4.709130612907717,0.7598055264739638
1,2.8361618845507084,3.328494292046393
1,2.9395039673771155,-2.0514355674498574
1,-4.420814006725045,-1.4815670656832092
1,4.0397411141743875,1.1014290595313414
1,-3.6252531100584555,-2.334617012402522
1,0.4025555074865787,-3.832192248946959
1,2.7580642961102595,-0.5468762302189515
1,-2.7983027085271,-1.4635656225751246
1,-1.0790647440098093,3.9348457844978237
1,2.558538412361068,3.6247535724350333
1,-0.07453490786701839,-3.853673706675147
1,-2.9136267521864694,-3.486945880795684
1,2.225007939506927,-0.3917147012100177
1,-1.0672705069590003,3.3061737950410444
1,2.051515890519806,1.0841197490573142
1,2.492654717656222,2.889956897786753
1,0.055399434042511055,3.677979107691984
1,-0.06988613406083442,3.9985696753131
1,0.7466841132798615,3.9142994665739725
1,2.4447844261187646,4.475420870885366
1,-0.6701585549756434,-2.295991167251225
1,-1.8894858816976408,5.2993649080430565
1,0.25714086238548717,0.12238102066667386
1,0.11850536434408034,-2.950870455548825
1,0.9215866741905441,1.3876167685273122
1,2.7088175227880007,0.09741698354764237
1,2.155630024738009,-0.8944592139533142
1,3.2134621505369276,3.571978495633727
1,2.4006158301139036,2.474290480675326
1,4.88237042095373,0.9886705646477133
1,-0.2589416576677781,0.15616828395291313
1,4.673101048736602,1.0862178591970464
1,-2.6742319204260507,3.527476219252973
1,-1.0125084264069497,2.34495273221986
1,4.17828234815539,3.224393099594113
1,2.316444123182061,-2.1517714114367874
1,-2.429028557744303,0.4509486348363632
1,-2.602319649193674,2.6438723440072147
1,0.35702120551392524,-0.11475998189717282
1,-1.5135369646919241,1.1262973780739134
1,-3.8350442257658717,-1.9180329383885242
1,1.498073725018858,-1.6582181170974362
1,-0.4305648423017192,1.3735285301030546
1,-1.4087224578284938,-2.464228107415265
1,0.4224539479960067,-4.143252294790476
1,1.345570307149342,-0.9446897589671432
1,3.2177615752034043,1.7698241154559005
1,0.9616117566373008,4.614864906518048
1,-0.9815200085157861,-1.1139808607634771
1,-4.4109073167433746,0.8320670825423572
1,3.2698071582176444,-4.263343812742771
1,3.7965377887762726,1.547457290400259
1,-1.375257083139917,1.7682726183610034
1,-3.5754991101008486,-0.7455171496958385
1,-1.7092394577616943,3.2002981971395377
1,-1.6262996011609059,-2.246221011473638
1,2.8898671108116933,2.232949474675879
1,-1.1478118643194288,-0.9837873911841144
1,-1.4389378532931,-0.501099862592691
1,1.9521288937759447,3.7721972124394134
1,1.37744732235806,3.082006145860548
1,3.1712467199557315,3.193989584732122
1,2.441262296366465,-3.5219196810446127
1,3.9943410110850093,-4.1913973120805075
1,-0.13348719924964997,-0.1664888924414751
1,0.05113816202035099,-3.804869099721585
1,0.8569094743376432,-3.39874367939744
1,4.573650422520635,-1.5152712388227227
1,-2.481168762121927,-4.577092509316146
1,2.197665935260433,-3.7637355366373453
1,2.3225627740613217,-0.3110426206743961
1,1.6385591561934603,2.8183093681096425
1,-0.15538056433394531,5.031701883088159
1,-4.058239868923146,2.6081021734578473
1,-0.8702534870763615,1.9177519782903492
1,-4.365776864531606,-1.1145977391090043
1,-2.7541250875807326,-3.4927878284088325
1,1.607436817019961,2.461466105242832
1,-0.7815820807702787,3.7323448708282356
1,-3.3213204280759583,0.6692255481655816
1,2.702199203433261,-4.566846726016229
1,2.4856651435621178,1.7580667643637098
1,1.4836743576167637,-2.5120420608818423
1,-4.631236283970114,3.1637996936618684
1,-2.0964628242696586,-0.9551678406295231
1,-1.4334651164198722,1.3083494079428624
1,0.6182601619511623,0.20570794956792568
1,-0.025323080553920293,-0.5195744868020068
1,0.882954262924076,2.1515168119080976
1,1.1685303605506172,1.7225888648394843
1,-0.00878986083418486,-4.0889359124975595
1,-4.882681922775759,-0.8078018061339906
1,2.7309461772291934,-1.7174048305454908
1,1.1159193534800222,-1.1902026306687576
1,2.6427718626663173,-1.6623795288432897
1,-0.045924758587442056,-2.200133798003004
1,4.394265112316055,1.2565638360300295
1,-1.9079022503660596,-2.531031738845287
1,-1.042164032836063,-1.8794391853724424
1,1.9436804375562116,2.1278236688809375
1,0.044012395124346466,-2.4937880394411183
1,0.7382358511415855,-1.5339805676825244
1,-0.6535898912155946,4.2109959403742785
1,1.1488572919372337,-3.3930028001057964
1,-0.781068705354293,4.370318657529644
1,0.306051521227703,2.7620019969700556
1,-0.8913035974426962,-3.243119752749295
1,2.4983430817495496,3.4002306292014035
1,-0.3223879284860342,-3.465818407400284
1,0.47590448181228906,-4.087850458076293
1,-3.6245427244891406,3.6372295667410377
1,-3.132449644071473,1.7676940646153663
1,-2.433695476959151,2.952337068848349
1,-1.8743737349782428,-0.574417314884081
1,1.4909765302181703,2.689563425439793
1,-4.02105614037753,0.0360511015498774
1,-2.166586805881159,3.521267485397775
1,2.557066052430877,-2.9320561702402466
1,-0.08715117837249706,0.8094173446907903
1,2.182822949318087,2.318486381530674
1,1.7726473225677257,1.9233002023181953
1,-0.9533311657144216,-0.506321405370605
1,-1.0454898759369093,-0.667902662451353
1,4.023031234643282,-1.307080989584472
1,-0.7960143122299732,0.031169872817228095
1,5.2273529267018874,1.1825389088221023
1,0.6935250251517573,-2.965772162417606
1,0.6581522848995789,-0.2362364399658183
1,3.7387305184879267,-0.5243997918510831
1,1.3192986788618963,-1.5969740799096421
1,-5.64463005940918,2.1470003931955817
1,1.315368659335329,-2.773931175657112
1,-2.1512858609144114,4.143041250118391
1,-4.675284145355424,3.9834067794748105
1,2.3532000530555117,1.1378527182255793
1,3.487170818452885,0.9748743564363908
1,-5.0419232443010875,-2.9325169152226445
1,1.1995493689515346,-0.8159142478724777
1,-0.2819790210476288,3.5634312671583945
1,-2.9547360410356758,-1.528612354509147
1,-2.9560358290195734,-1.88776192884019
1,3.6669599835165276,-1.4861080615553233
1,1.8592233770800652,2.6347589906588684
1,1.6976438692920528,0.7463340219694854
1,-0.957574951637066,2.7483683731927773
1,-3.061807244131153,1.2346087767263931
1,2.8236308665722247,-0.2564071848904453
1,2.3320884570286506,-0.11203092309727586
1,1.4410943889587546,1.6153200405742096
1,-1.407737139579667,-3.5765801184572137
1,-1.33392713573247,-3.3530775967716795
1,-0.20765385928869778,-4.359450787348614
1,2.433597818045334,2.025386063580133
1,-0.05899539148997636,-1.6020915664894706
1,4.558824611010803,-0.9270528130023411
1,-3.828677819190999,1.176764223070451
1,0.6054021378355898,-0.28198049625798216
1,-4.192801495952176,2.291367703292165
1,-0.35914796318617986,-2.1477773566652414
1,2.8138432576371826,4.750450394536023
1,-1.1798497672786235,2.6692221318254665
1,2.2293745128363107,-1.5579465736109568
1,-5.024363639204313,0.9337985793949688
1,0.8367156721443871,-1.083853000629864
1,1.7050164792250648,-0.012870690931727609
1,-3.038967312105626,-0.30084354553679965
1,0.6405983135015206,1.4801758342894686
1,-1.010222322793834,-1.6222035461552633
1,3.501221998145404,-3.40932887406552
1,3.879545270752183,0.6365376887321266
1,-1.7741000461951284,-1.8536009398844349
1,2.8030679013756217,3.499549205935757
1,-4.05816448910531,-0.414030303524599
1,-2.1983520133340284,-1.7880662185000518
1,-3.6427934610646373,1.126547999706529
1,1.3975123779328673,2.3850686112801003
1,-1.1105023730721673,0.9627647435945967
1,1.4283173381022538,-0.6295434877910754
1,-3.926737352385364,2.026456000740403
1,4.827419653198395,-0.10331362381457118
1,-4.258773673973728,-1.1818559223781135
1,2.8070166279317683,-1.1281138085077562
1,-1.7755234748575461,2.1770479727655214
1,-3.0325732202111224,-2.6580585835006865
1,-1.3969334872072414,0.15572022412490752
1,2.738134564529903,2.811984589749436
1,0.9966090506613269,1.1709479226628696
1,-1.1514155955217495,0.042057832602616446
1,4.423545280479912,1.643279489755751
1,3.71695287068824,-0.9623424971648581
1,1.6708109901172197,4.072304579630256
1,-1.8718332100099888,-1.2293158458987314
1,-1.2486286901749464,-4.550521559872039
1,3.730214059815186,-1.8195473905209298
1,1.1716040099504985,0.9190723768250536
1,-3.094475862206854,-1.157251930178333
1,3.981081799257088,1.2360661216628945
1,-1.9683391073242793,0.049468097210373
1,-1.314478308359655,-5.1117849079251485
1,-3.3311832659002,-3.664762552948557
1,-2.8701489932906346,0.8703053042572726
1,5.073220002456899,-2.016096597392574
1,1.7150760116397215,-0.8146741577323997
1,-1.7399002962467225,2.9358664529126655
1,-0.6575854310403791,-0.9702123598572646
1,0.4224279559497667,0.15680002742354032
1,-2.6085743040537404,1.1626287569050087
1,-1.9890340371009532,0.6658423308463651
1,-0.547740216063087,2.9855234663956094
1,-2.8653300977346245,0.056179722216348864
1,2.377292608595698,0.7187517498406422
1,-1.7976986112706272,-2.37057408348476
1,-2.041455800695778,-0.5369163019822739
1,-0.29485582233706764,-2.9932699519640407
1,-0.4911797350323212,-0.6883039688777178
1,-1.7836984705260643,2.0702679311019474
1,-1.724690761724952,-5.0415044545175025
1,2.758263622860226,3.4040353994387598
1,2.6812455200118213,0.3732321836917882
1,0.7829850625285856,-1.8447561326738606
1,2.9268786390114263,-0.3369652201634637
1,-2.217489768787119,-0.18381489904795142
1,4.71859828354893,-0.7254966615916382
1,-1.9085430267004482,4.820960565545423
1,-0.24372610882717782,0.6598482164918595
1,-1.8280233901709992,2.297440479812237
1,1.0746895874442552,-0.30562059222589516
1,3.790343113565302,1.8961681658935337
1,-3.854770380875146,0.07477834249007208
1,-4.594580912088212,-1.9684974872510643
1,-0.7306401714488953,-5.2388398936802
1,-1.6223729672205631,-0.2688641662146292
1,-0.6600094259936776,0.22758717102760567
1,2.1410269052584985,4.592466716119405
1,-0.5528605293781963,1.4989532226477225
1,-1.241317721408815,-2.5404738710754273
1,-0.2802587798343476,-1.2338068564197222
1,5.212840156994829,0.2469561190411396
1,-0.3229653424401354,2.832491370009613
1,2.993787823354899,2.6059147470675454
1,-1.3950506711118889,-1.783159193763172