cluster,y_k=2,s_k=2,y_k=3,s_k=3,y_k=4,s_k=4,y_k=5,s_k=5
0,1.0,0.172645946952396,0.0,0.053563297729958353,1.0,-0.023636965094338196,0.0,-0.023636965094338196
0,1.0,0.27049605003655997,0.0,0.17480415957517897,1.0,0.17763885395754397,0.0,0.14683141351408627
0,1.0,0.20339222307898608,0.0,0.054550709494932535,1.0,0.057668797499969504,0.0,0.0451701529312884
0,1.0,0.196943531152464,0.0,0.08462867287158772,1.0,0.08664269971425437,0.0,0.0567003925141535
0,1.0,0.2213621705283925,0.0,0.0746159764630899,1.0,0.07754639465365087,0.0,-0.012440399130113158
0,1.0,0.2475915893492225,0.0,0.1313606106815254,1.0,0.13487875901461335,0.0,0.12443770797051977
0,1.0,0.23394359106940027,0.0,0.10283160354554652,1.0,0.10631125284067725,0.0,0.043567976992662315
0,1.0,0.18683725122187458,0.0,0.09004255708219805,1.0,0.09273020883151896,0.0,0.048993735806113395
0,1.0,0.1595590937248528,0.0,0.04335692199470618,1.0,0.019145443012309218,0.0,0.014598101803217068
0,1.0,0.2244998670097358,0.0,0.06219073693491785,1.0,0.06425004953058608,0.0,-0.014701870187491224
0,1.0,0.12400948375132587,0.0,0.04258405151534548,1.0,0.045756596170261316,0.0,0.021503329465689443
0,1.0,0.23207016346672832,0.0,0.11277224390949833,1.0,0.11513905161912509,0.0,0.045249507753948426
0,1.0,0.2649622934257244,0.0,0.14015522185464238,1.0,0.09284364667112083,0.0,0.09284364667112083
0,1.0,0.2559027198368889,0.0,0.08741885986406628,1.0,0.08992123720391415,0.0,0.08339985325770916
0,1.0,0.2540505077207012,0.0,0.1870144145788644,1.0,0.1545463830136915,0.0,0.1545463830136915
0,1.0,0.16446968559283903,0.0,0.08644284859327075,1.0,-0.017219126954734397,0.0,-0.017219126954734397
0,1.0,0.24907010456291728,0.0,0.1376984715345935,1.0,0.12612380640706328,0.0,0.11975673795022125
0,1.0,0.23530493062081412,0.0,0.17237717660764115,1.0,0.00769610993874404,0.0,0.00769610993874404
0,1.0,0.20737045789314462,0.0,0.07487521787237579,1.0,-0.11006902195622735,0.0,-0.11006902195622735
0,1.0,0.21265478317182482,0.0,0.13213667642296917,1.0,0.1343564031282836,0.0,0.09978407399900953
0,1.0,0.07932867548208011,0.0,0.043592227121835025,1.0,0.04601940676199083,0.0,0.03425745792637728
0,1.0,0.13189366136723318,0.0,0.04365922266429536,1.0,0.046420178547755264,0.0,0.019163031930282848
0,1.0,0.2500794092471573,0.0,0.041937862283109646,1.0,0.04379462610083731,0.0,-0.0025100716878531234
0,1.0,0.15226313916613418,0.0,0.023498281800322016,1.0,-0.0803086850489228,0.0,-0.0803086850489228
0,1.0,0.20165086065867097,0.0,0.04412342600426891,1.0,0.04505815228217468,0.0,0.012022470192257606
0,1.0,0.19619376133073174,0.0,0.1159970801256653,1.0,0.11800676406465743,0.0,0.04358147351388678
0,0.0,-0.1578949220205792,1.0,0.05502416844050697,0.0,-0.012247882740804527,4.0,0.061868569183568374
0,1.0,0.2043147269200505,0.0,0.152722887783732,1.0,-0.05154384229079787,0.0,-0.05154384229079787
0,1.0,0.14530535032918324,0.0,0.07339875757538365,1.0,-0.0069188280694979275,0.0,-0.0069188280694979275
0,1.0,0.20739826341777248,0.0,0.10587905608884982,1.0,0.10836340481935555,0.0,0.09530526708036224
0,1.0,0.1164521381806705,0.0,0.01924258601145456,3.0,0.2878599782444468,3.0,0.27469961323876046
0,1.0,0.26842771664063914,0.0,0.1043207126900116,1.0,0.10695680337982919,0.0,0.03475295711765528
0,1.0,0.12915311182868533,0.0,0.018495392869481517,1.0,0.020341761870921276,0.0,-0.021988149647330875
0,1.0,0.26084865470672786,0.0,0.11476954436722563,1.0,0.11744065921428824,0.0,0.11366440767209604
0,1.0,0.24255366057329228,0.0,0.17378092286437283,1.0,0.17649119361759413,0.0,0.13760357239306062
0,1.0,0.1421692081639185,0.0,0.06489093869930551,1.0,0.06720093258751239,0.0,0.037943534313004644
0,1.0,0.23268829039273806,0.0,0.11219787374553233,1.0,0.008497822178233146,0.0,0.008497822178233146
0,1.0,0.10888503523689938,0.0,0.06703745545136461,1.0,0.06991462339389087,0.0,0.042290897303188066
0,1.0,0.11737513637258498,0.0,0.10006813720633988,1.0,0.038232924242777896,0.0,0.038232924242777896
0,1.0,0.24969008169014936,0.0,0.05805996171716356,1.0,0.061117961972835706,0.0,0.016481034058294344
0,1.0,0.31340704460326985,0.0,0.17936718916412697,1.0,0.18296934362834716,0.0,0.1784334234477724
0,1.0,0.11027846676161644,0.0,0.008827570582442166,1.0,0.009079634461150786,0.0,-0.07493194477195327
0,0.0,0.004344929547954801,1.0,0.11426322491954695,0.0,0.11292666480325983,4.0,0.07885116876382312
0,1.0,0.20335727896512096,0.0,0.09475051918837546,1.0,0.09725681921026137,0.0,0.017334319690182707
0,1.0,0.2002694397741086,0.0,0.010992861552110739,1.0,0.01420093939330572,0.0,-0.03775687498763487
0,1.0,0.17497437278687877,0.0,0.031005308802300787,1.0,0.00731973826548745,0.0,-0.0020141423599710673
0,1.0,0.18699975079967798,0.0,0.029652399695129388,1.0,0.03093422813111269,0.0,-0.05621667173002392
0,1.0,0.21260454563334116,0.0,0.10210170991686045,1.0,-0.075647193161249,0.0,-0.075647193161249
0,1.0,0.24770405706798906,0.0,0.10390355384120019,1.0,0.10664367729819565,0.0,0.07532628098713087
0,1.0,0.22221531434565686,0.0,0.15872481110505113,1.0,0.09536076337001309,0.0,0.09536076337001309
0,1.0,0.16964793646083506,0.0,0.09640645702944763,1.0,0.046340311143912113,0.0,0.046340311143912113
0,1.0,0.1963220852342751,0.0,0.046010353208578776,1.0,0.049021221702352236,0.0,-0.0017171061568637624
0,1.0,0.12441154002832003,0.0,0.0028496480904724093,1.0,-0.0426968761705828,0.0,-0.0426968761705828
0,1.0,0.24218689274452665,0.0,0.09531797597070692,1.0,0.09690498896429142,0.0,0.052263835731591914
0,1.0,0.20903199569578257,0.0,0.04860525736561798,1.0,-0.07874076804040264,0.0,-0.07874076804040264
0,1.0,0.21953740278701375,0.0,0.11377008792570435,1.0,-0.05723887900216942,0.0,-0.05723887900216942
0,1.0,0.24404593871209573,0.0,0.1482075408685712,1.0,0.1504809396109036,0.0,0.11678902610641423
0,1.0,0.18979184555936918,0.0,0.08400932907170286,1.0,-0.0062363031504851,0.0,-0.0062363031504851
0,1.0,0.2913797235321355,0.0,0.16231188458690327,1.0,0.1655910684116719,0.0,0.1260700859396546
0,1.0,0.08944027361980271,0.0,0.004435753333243249,3.0,0.2942351882967513,3.0,0.27949658252952564
0,1.0,0.14123222379214073,0.0,0.03869719585963338,1.0,0.040559612660328516,0.0,-0.0041556730837639935
0,1.0,0.17561283997141103,0.0,0.13565351862150427,1.0,0.0312547283661762,0.0,0.0312547283661762
0,0.0,0.019339046462139155,2.0,-0.04135479241100022,2.0,-0.161275959037002,2.0,-0.161275959037002
0,1.0,0.2792447459494083,0.0,0.17806530119893496,1.0,0.10933285742341828,0.0,0.10933285742341828
0,1.0,0.15491302635349072,0.0,0.048709301853431496,1.0,0.05060356416862388,0.0,0.03287691673791694
0,1.0,0.1864877227333357,0.0,0.10725768376303618,1.0,0.10902090373410839,0.0,0.10397401866215787
0,1.0,0.2474083849890214,0.0,0.17591500826600684,1.0,-0.009423755895884558,0.0,-0.009423755895884558
0,1.0,0.14567463706009665,0.0,-0.03312674863856715,1.0,-0.032710666239423584,0.0,-0.036632723413891136
0,0.0,0.01973171056173317,2.0,0.013496985273925023,2.0,0.005857900923609156,2.0,-0.022044210288197898
0,1.0,0.14261486440458124,0.0,0.10004333101920707,1.0,-0.09124828242093999,0.0,-0.09124828242093999
0,1.0,0.2660764322027662,0.0,0.08907803006195805,1.0,0.09263735151411738,0.0,0.051965769481245795
0,1.0,0.2981404175534336,0.0,0.15560192337793802,1.0,0.10077911237590073,0.0,0.10077911237590073
0,1.0,0.3160921052796665,0.0,0.13927687103301975,1.0,0.14215065624993953,0.0,0.10391064426826518
0,1.0,0.18517155547069408,0.0,-0.026163790955688035,1.0,-0.022868834685736517,0.0,-0.06885658668832934
0,1.0,0.2522719732988536,0.0,0.13547072658471995,1.0,0.0465452875587148,0.0,0.0465452875587148
0,1.0,0.2523109723186311,0.0,0.11182386726250236,1.0,0.07963678739451334,0.0,0.07963678739451334
0,1.0,0.2441575699138129,0.0,0.15634847026828955,1.0,-0.030766738587671396,0.0,-0.030766738587671396
0,1.0,0.10989581609104228,0.0,0.03559566258986822,1.0,0.03624789151869518,0.0,-0.01728570567525604
0,1.0,0.21262675465099465,0.0,0.03878127043676515,1.0,0.04290878518879341,0.0,-0.029614323071336938
0,1.0,0.22797420996539938,0.0,0.025828715847643225,1.0,0.027700049048482844,0.0,0.02450904203679184
0,1.0,0.23117802897447254,0.0,0.08246269092321058,1.0,0.08379221634709066,0.0,0.05853498029014701
0,1.0,0.15216325772710412,0.0,0.052093599310666934,1.0,0.05480689044199873,0.0,0.04132959038928843
0,1.0,0.14389029372422926,0.0,0.06662901206087889,1.0,0.06808688802122542,0.0,0.026168828812827633
0,1.0,0.2470791035954501,0.0,0.16374363754271568,1.0,0.1295266998922696,0.0,0.1295266998922696
0,0.0,-0.20346839544243295,1.0,-0.010044959185803486,0.0,-0.012032773906295929,4.0,0.1075600535724885
0,1.0,0.2396358601433007,0.0,0.1524126183873652,1.0,0.05842821649457497,0.0,0.05842821649457497
0,1.0,0.18554555085784097,0.0,0.10566104451898206,1.0,0.10787027906486696,0.0,0.05217296687960658
0,1.0,0.2006851114360139,0.0,0.1424506323064593,1.0,0.06464139208649296,0.0,0.06464139208649296
0,1.0,0.19112083431067317,0.0,0.13963008278007177,1.0,0.07709542697880695,0.0,0.07709542697880695
0,1.0,0.025301269661960855,0.0,-0.038914708887771696,1.0,-0.13649481359960522,0.0,-0.13649481359960522
0,1.0,0.21362946146811013,0.0,0.09249453785896654,1.0,-0.033035333753305876,0.0,-0.033035333753305876
0,1.0,0.10554179517260298,0.0,0.004634023246726172,1.0,0.00566796581468025,0.0,-0.030561433581745956
0,1.0,0.1183714312527562,0.0,0.05194070158653337,1.0,-0.14383957119901047,0.0,-0.14383957119901047
0,1.0,0.21941827193542854,0.0,0.056616755923750366,1.0,0.05800540876909702,0.0,0.04691568736871989
0,1.0,0.2950669798942493,0.0,0.2020541986175942,1.0,0.20561816704444053,0.0,0.17541384912282454
0,1.0,0.3237618518334553,0.0,0.14534238758546197,1.0,0.148835434728172,0.0,0.12249272721836582
0,1.0,0.16985482992559062,0.0,0.03751063648405015,1.0,0.04010094020433381,0.0,0.019856460960056388
0,1.0,0.17130659159023484,0.0,0.10945408909423962,1.0,0.08253026600903708,0.0,0.08196368568405402
0,1.0,0.28513941313235497,0.0,0.09602057123919308,1.0,0.09798299277179516,0.0,0.04546442739477787
0,1.0,0.12138250381866891,0.0,0.031828897426025966,1.0,0.034420640628834084,0.0,0.021336804993866327
0,1.0,0.18055591738271887,0.0,0.06297590797565061,1.0,0.06684756364713694,0.0,0.04696012340582808
0,1.0,0.2418443560882971,0.0,0.09078067747872622,1.0,0.07615040719080446,0.0,0.07615040719080446
0,1.0,0.22377128418321446,0.0,0.13281244675801723,1.0,0.05449921585934575,0.0,0.05449921585934575
0,1.0,0.14338189704391135,0.0,0.03321531067466388,1.0,0.0344582185947107,0.0,0.00965700990562017
0,1.0,0.3022615325306359,0.0,0.10693129182102455,1.0,0.11057018936984579,0.0,0.06342866039850828
0,1.0,0.21007912601609505,0.0,0.10807977011276682,1.0,0.11071612320693214,0.0,0.08458424032858314
0,1.0,0.24122685051633672,0.0,0.1265212630585646,1.0,0.12895263564367607,0.0,0.10866079383284764
0,1.0,0.1451632916594752,0.0,0.07015475807040367,1.0,-0.12279268267635185,0.0,-0.12279268267635185
0,0.0,-0.05145915944799897,1.0,0.09768467990996778,0.0,0.09666806562621912,1.0,0.044300311633988065
0,1.0,0.1805520323808299,0.0,-0.0005463976915193665,1.0,0.0014998471790772315,0.0,-0.05147980820250298
0,1.0,0.20694521487529355,0.0,0.08796610043851873,1.0,0.08267709199622222,0.0,0.04319993507802701
0,1.0,0.12830409218639086,0.0,0.029016197324002735,1.0,0.029559599453765316,0.0,-0.013941077283004788
0,1.0,0.23329040139687296,0.0,0.12480714010475075,1.0,-0.06903785413333478,0.0,-0.06903785413333478
0,1.0,0.22040284939605398,0.0,0.15658334737983676,1.0,-0.03794355703053661,0.0,-0.03794355703053661
0,1.0,0.1883965172348317,0.0,-0.016809625470303645,1.0,-0.02316843841838348,0.0,-0.03513049956671966
0,1.0,0.16639146215758763,0.0,0.023790114660035326,1.0,0.02519307142940279,0.0,-0.024566078564940357
0,1.0,0.10477166206195844,0.0,0.09175393973276585,1.0,0.09341866938358476,0.0,0.06103116329951865
0,1.0,0.2724927179226302,0.0,0.12901285011472044,1.0,0.035314046656728666,0.0,0.035314046656728666
0,1.0,0.14143603563265847,0.0,0.054060558385379216,1.0,-0.030489739819601392,0.0,-0.030489739819601392
0,1.0,0.20050460888740435,0.0,0.14797697936623416,1.0,-0.06755122641378979,0.0,-0.06755122641378979
0,1.0,0.09800734146252518,0.0,0.0973499210160784,1.0,0.03818571861904063,0.0,0.03818571861904063
0,1.0,0.2142355319045135,0.0,0.06795711639395519,1.0,0.07011869924414264,0.0,0.04489462904360348
0,0.0,-0.08289348550408773,1.0,0.12745685996314599,0.0,-0.016302099222591588,4.0,0.044657394530387466
0,1.0,0.22978445390877902,0.0,0.060427611324360385,1.0,0.06169460595095613,0.0,-0.04381519544497583
0,1.0,0.04875500442897911,0.0,0.04832702302383484,3.0,0.26642396083671394,3.0,0.26642396083671394
0,1.0,0.2843427595426403,0.0,0.1346145093733359,1.0,0.11938874024688781,0.0,0.05544652075206471
0,1.0,0.23362031810056066,0.0,0.049258976119006155,1.0,0.0506868226109861,0.0,-0.03069802284749943
0,1.0,0.2100768128005825,0.0,0.1543925611835675,1.0,0.14200880907895744,0.0,0.14200880907895744
0,1.0,0.23281597425018125,0.0,0.15841439518268022,1.0,0.1609214258406651,0.0,0.16007447890171533
0,1.0,0.25327426161589167,0.0,0.09547368697189462,1.0,0.0979548191895531,0.0,0.09501822796282759
0,1.0,0.21804317641631157,0.0,0.12522918565609426,1.0,0.019566915324482403,0.0,0.019566915324482403
0,1.0,0.09907696406715114,0.0,-0.064178662381387,1.0,-0.0896056081699832,0.0,-0.10400152787764022
0,1.0,0.16149333330184848,0.0,-0.08023632662224746,1.0,-0.07904849482129778,0.0,-0.15393518913966664
0,1.0,0.23842462797388586,0.0,0.14235832975088683,1.0,0.016492943712188696,0.0,0.016492943712188696
0,1.0,0.12661243029422722,0.0,0.07423337587983184,1.0,-0.092577291425265,0.0,-0.092577291425265
0,1.0,0.25717822698548143,0.0,0.1448468697741163,1.0,0.08086326274734358,0.0,0.08086326274734358
0,1.0,0.21233405896788005,0.0,0.02664864020125305,1.0,0.02884400683052464,0.0,0.019725033884099397
0,1.0,0.25847953819769615,0.0,0.015485787841496132,1.0,0.01864739681784024,0.0,-0.012285150861945952
0,1.0,0.30951244663296806,0.0,0.15007913062644704,1.0,0.15306840627032006,0.0,0.15133400928088805
0,1.0,0.2424396737767505,0.0,0.17410887341110604,1.0,0.10985516687354628,0.0,0.10985516687354628
0,1.0,0.20510972825112572,0.0,0.06421229703629909,1.0,0.06674047335222794,0.0,0.04296036106197843
0,0.0,0.02322353054122622,2.0,-0.06169156304578797,2.0,-0.06169156304578797,2.0,-0.06937384944255372
0,1.0,0.2861632946205296,0.0,0.16107383030888375,1.0,0.12639656378658837,0.0,0.12639656378658837
0,1.0,0.1831778071900858,0.0,0.057449203476754605,1.0,-0.04106203852971242,0.0,-0.04106203852971242
0,1.0,0.316829223838666,0.0,0.18411861149854536,1.0,0.06176872204251702,0.0,0.06176872204251702
0,1.0,0.247050319493833,0.0,0.14806960483902262,1.0,0.15085575759431255,0.0,0.10826331581001372
0,1.0,0.050556401939094116,0.0,-0.023149404934536065,1.0,-0.1721263182678325,0.0,-0.1721263182678325
0,1.0,0.23047566627296984,0.0,0.12031113732737336,1.0,0.0472666960938275,0.0,0.0472666960938275
0,1.0,0.25564151269179247,0.0,0.1902040316987198,1.0,0.07148315356988239,0.0,0.07148315356988239
0,1.0,0.30188413112247625,0.0,0.1343728436033657,1.0,0.0030565385492730686,0.0,0.0030565385492730686
0,1.0,0.19368763977843798,0.0,0.10034199295418342,1.0,0.04701854478065653,0.0,0.04701854478065653
0,1.0,0.196574918762428,0.0,0.11808892088376051,1.0,-0.029691542665300868,0.0,-0.029691542665300868
0,1.0,0.25687160292536104,0.0,0.1291395638185776,1.0,0.1315332836107914,0.0,0.08426451936648334
0,1.0,0.2361177361905763,0.0,0.15149770170688184,1.0,0.1544398627612941,0.0,0.12835792801477697
0,1.0,0.2098201666776441,0.0,0.042774984295082634,1.0,-0.0665159100667369,0.0,-0.0665159100667369
0,1.0,0.24545616977970208,0.0,0.15040910063178287,1.0,0.11301368057985742,0.0,0.11301368057985742
0,1.0,0.2496077980824283,0.0,0.08408303004257953,1.0,0.08540411988911957,0.0,0.05928315859191972
0,1.0,0.12479256964576207,0.0,0.06810586756912707,1.0,-0.07096825126701606,0.0,-0.07096825126701606
0,1.0,0.22813413003588554,0.0,0.11893305578737808,1.0,0.12073314371662383,0.0,0.07369322426308
0,1.0,0.1488174900898158,0.0,-0.03683194802746243,1.0,-0.03605083542925723,0.0,-0.08772815400828665
0,1.0,0.22674443620613657,0.0,0.0939116973230103,1.0,0.09651823145978355,0.0,0.06166991850452844
0,1.0,0.14104103247012995,0.0,0.117861934678473,1.0,0.04462377792522966,0.0,0.04462377792522966
0,1.0,0.22205211804286115,0.0,0.07537020467836457,1.0,0.07750833501606799,0.0,0.012120734097545393
0,1.0,0.1350540609969444,0.0,0.046003352892591526,1.0,-0.06543503326497492,0.0,-0.06543503326497492
0,1.0,0.12614180169780964,0.0,0.05298442700606185,1.0,0.05456573321061933,0.0,-0.01809952696433658
0,1.0,0.18821185662748044,0.0,0.11249777893289328,1.0,0.04498882524416679,0.0,0.04498882524416679
0,1.0,0.2427461771086824,0.0,0.05982504634374819,1.0,0.061546732017826886,0.0,0.04866525904165397
0,1.0,0.3002676132534568,0.0,0.14463663467702345,1.0,0.12229513819057665,0.0,0.12229513819057665
0,1.0,0.2973011309539175,0.0,0.15809401759871372,1.0,0.1372186005434839,0.0,0.11402171382751478
0,1.0,0.28677544322069626,0.0,0.15898464696064807,1.0,0.16169317965513186,0.0,0.15578092028809676
0,1.0,0.24967289568280085,0.0,0.09950335575212724,1.0,0.1017039190998832,0.0,0.06561116688545636
0,0.0,-0.07034358983436509,1.0,0.09629681917057374,0.0,0.0957345818122949,4.0,0.10432416166450831
0,1.0,0.23481642091523716,0.0,0.06940498279628605,1.0,0.04853318685185129,0.0,0.04853318685185129
0,1.0,0.03888276640959577,0.0,-0.05680265002402122,1.0,-0.05355680736884662,0.0,-0.061810259206176534
0,1.0,0.20341277128002905,0.0,0.07422507423386969,1.0,0.0769335741875896,0.0,0.06922174564227852
0,1.0,0.27138972273807543,0.0,0.1739599578029011,1.0,0.15767820401622462,0.0,0.15522392699368293
0,1.0,0.22851638354716552,0.0,0.1763710673935161,1.0,0.1682428040141205,0.0,0.15718008687317955
0,1.0,0.10750794774259942,0.0,-0.009788467442677801,1.0,-0.009330120546200348,0.0,-0.0677377738415841
0,1.0,0.18105894204653614,0.0,0.02814672588961759,1.0,0.0303820974310647,0.0,0.010187558552366097
0,1.0,0.1989841657507785,0.0,0.026636495259932357,1.0,0.02735828394989392,0.0,0.01244895023136363
0,1.0,0.24263379069740565,0.0,0.09230753268841262,1.0,0.0945507631749186,0.0,-0.00043784548787409786
0,1.0,0.14966863524499044,0.0,0.047679446358270594,1.0,0.04992315405433293,0.0,0.028209126309555254
0,1.0,0.3005383581416756,0.0,0.17703855288113896,1.0,0.07826016688868934,0.0,0.07826016688868934
0,1.0,0.13582904709298524,0.0,-0.07263356335231208,1.0,-0.07321785900623165,0.0,-0.10716825548732602
0,1.0,0.19204687177119886,0.0,0.04221707773909104,1.0,-0.0732177875354648,0.0,-0.0732177875354648
0,1.0,0.18291319229525288,0.0,0.09152625305199477,1.0,0.09319158759214098,0.0,0.03921181630619133
0,1.0,0.25452787236205593,0.0,0.06634228458701223,1.0,0.06823844155166296,0.0,-0.008077428213189585
0,1.0,0.2240010416770242,0.0,0.11930669794923351,1.0,0.08414776012565309,0.0,0.08414776012565309
0,1.0,0.028726964566414423,0.0,-0.04995922766507558,1.0,-0.057324933446466234,0.0,-0.08800696328050553
0,1.0,0.2455779289356662,0.0,0.11829976406532326,1.0,0.12102692923085662,0.0,0.11484209599983632
0,1.0,0.07468305496230392,0.0,0.014763923685785565,1.0,0.01790548969462446,0.0,-0.057279815482653075
0,1.0,0.1499608097268526,0.0,0.0836665785095788,1.0,0.08693826354078554,0.0,0.08135015708087365
0,1.0,0.22194713000139857,0.0,0.1309461621480665,1.0,0.13339627153496653,0.0,0.13324488786296163
0,1.0,0.1706204956440464,0.0,0.1087480512248189,1.0,0.03526873795279069,0.0,0.03526873795279069
0,1.0,0.06451558967279311,0.0,-0.05560850353968199,1.0,-0.05633748826028195,0.0,-0.081288468755368
0,1.0,0.23971523740586828,0.0,0.05157043898818664,1.0,0.05309183006196891,0.0,-0.04517914627512376
0,1.0,0.15590206245053714,0.0,0.02698785769526145,1.0,0.013102262088642345,0.0,0.003381516545610198
0,0.0,-0.03884382634515702,1.0,0.15207525562952107,0.0,0.1515783265279042,1.0,0.1220670851659751
0,1.0,0.2321184376838708,0.0,0.10455473575036899,1.0,0.043118238117786124,0.0,0.043118238117786124
0,1.0,0.14397278909433,0.0,0.09884259424609187,1.0,0.09344248391251206,0.0,0.08581568231194917
0,1.0,0.10829767560484566,0.0,-0.021632367135446535,1.0,-0.0625888898363043,0.0,-0.0625888898363043
0,1.0,0.20816342089796244,0.0,0.07133868264319265,1.0,0.07377103232797567,0.0,0.030563542772639053
0,1.0,0.11738900946343514,0.0,0.05489710808921334,1.0,0.056826855250203055,0.0,0.044349321930160626
0,1.0,0.18969557577016952,0.0,0.07850458578004421,1.0,-0.035222144714823184,0.0,-0.035222144714823184
0,1.0,0.19516460373139696,0.0,0.11219693932365825,1.0,0.053727639071058444,0.0,0.053727639071058444
0,0.0,-0.10291705685017773,1.0,0.0036283480721141584,0.0,0.0016046861991966927,4.0,0.11731410214686083
0,1.0,0.3221867492195075,0.0,0.14096153061253375,1.0,0.14384072450088076,0.0,0.1239492020064066
0,1.0,0.13469394047136396,0.0,0.08309691881861361,1.0,0.08448278300579815,0.0,0.06544779139701218
0,1.0,0.10872283851447793,0.0,0.0019014801025464443,1.0,-0.1324006835676245,0.0,-0.1324006835676245
0,1.0,0.18836775990955526,0.0,0.14216737268213156,1.0,0.10157001250356816,0.0,0.10157001250356816
0,1.0,0.2128972451465986,0.0,0.07369280305883083,1.0,0.07525693426604263,0.0,0.05518607785829681
0,1.0,0.18931654662197725,0.0,0.1301679518360222,1.0,0.10766030936876447,0.0,0.07856146333035874
0,1.0,0.1389996715022054,0.0,0.017527205259065644,1.0,-0.001034502675573593,0.0,-0.01774075994903447
0,1.0,0.25685655044042727,0.0,0.16625757283498963,1.0,0.1694140527671615,0.0,0.1411129157816544
0,1.0,0.17655434936949171,0.0,0.019916560444558837,1.0,-0.051855513062767554,0.0,-0.051855513062767554
0,1.0,0.20057931797622344,0.0,0.17602403981553522,1.0,0.10361158680332865,0.0,0.10361158680332865
0,1.0,0.2484788136985024,0.0,0.11132592180310634,1.0,-0.09274258653317619,0.0,-0.09274258653317619
0,1.0,0.222305317982749,0.0,0.034551827554181416,1.0,0.03809014937369292,0.0,0.029780555102521786
0,1.0,0.2834015141939372,0.0,0.1991550198991775,1.0,0.20224698241562739,0.0,0.18338429861766106
0,1.0,0.15036704221587566,0.0,0.06385632293103058,1.0,0.00587162161140709,0.0,0.00587162161140709
0,1.0,0.14564170530240203,0.0,0.09549680527829205,1.0,0.09767966924645662,0.0,0.049883092767532985
0,1.0,0.17259362711986767,0.0,0.00023217288396092247,1.0,0.003538376420690938,0.0,-0.002478531279935544
0,1.0,0.22134208343473322,0.0,0.059975894217848005,1.0,-0.08162356768207396,0.0,-0.08162356768207396
0,1.0,0.27315636288577866,0.0,0.13988700829028916,1.0,0.1388102037508798,0.0,0.12988788121737493
0,1.0,0.244918913738951,0.0,0.14036263196731324,1.0,0.046881835182934144,0.0,0.046881835182934144
0,1.0,0.2685863557650157,0.0,0.16237565097278725,1.0,0.16480838795484135,0.0,0.13181617241156623
0,1.0,0.1802605442440603,0.0,0.0876031394639286,1.0,-0.09008799358734877,0.0,-0.09008799358734877
0,1.0,0.2511688885780668,0.0,0.10615759080493292,1.0,0.1086789915775985,0.0,0.1045693966015027
0,0.0,-0.08209088174837995,1.0,0.13077437864414823,0.0,0.1305967029403123,4.0,0.08675628939352045
0,1.0,0.1396870504701843,0.0,0.06980733942076368,1.0,0.006391653849111219,0.0,0.006391653849111219
0,1.0,0.25911441378756367,0.0,0.07456367501615135,1.0,0.07715910227932478,0.0,0.024660041388705183
0,1.0,0.2416508697824963,0.0,0.12350851355969893,1.0,0.12539872153300322,0.0,0.12489227628291356
0,1.0,0.2448417040718822,0.0,0.08967728936576842,1.0,0.09191224147348918,0.0,0.04811955130057891
0,1.0,0.12119515819628195,0.0,0.03509550109162979,1.0,-0.16165180242665383,0.0,-0.16165180242665383
0,1.0,0.24054163266385367,0.0,0.012750047655958788,1.0,-0.0010636733155298765,0.0,-0.013276593373233898
0,1.0,0.2633458777699375,0.0,0.09367658836345762,1.0,0.09600737289461822,0.0,0.09439185394389966
0,1.0,0.23827913545065713,0.0,0.14115739058611676,1.0,0.06344829653254773,0.0,0.06344829653254773
0,1.0,0.18311261124239087,0.0,0.0780732198313376,1.0,0.08114934052025055,0.0,-0.012096409870169333
0,1.0,0.17839203702106324,0.0,0.08387087939642657,1.0,-0.026309537523471087,0.0,-0.026309537523471087
0,1.0,0.18627990363828947,0.0,0.05768837398317955,1.0,0.058943761721230045,0.0,0.03958517461316189
0,1.0,0.16621910342191612,0.0,0.0460214335375576,1.0,0.04934400104518144,0.0,0.03457901360139372
0,1.0,0.17650795750522097,0.0,-0.02030463948622209,1.0,-0.018828267456940124,0.0,-0.024936044614836863
0,1.0,0.15248455416461176,0.0,0.03321381693789336,1.0,0.0346463219919062,0.0,-0.014147096609952831
0,1.0,0.1260334737554561,0.0,0.015284965529239403,1.0,-0.09618710702320481,0.0,-0.09618710702320481
0,1.0,0.24450792034302743,0.0,0.1657566551030074,1.0,0.13453243459617295,0.0,0.11856890561984966
0,1.0,0.08475721366488034,0.0,-0.051734665188356004,1.0,-0.049734552603370084,0.0,-0.08335265901873795
0,1.0,0.16203199318754044,0.0,0.0800043369739952,1.0,0.06085894819217257,0.0,0.057102632926418484
0,1.0,0.33794988503036255,0.0,0.2226134213462905,1.0,0.18848462931015125,0.0,0.18848462931015125
0,0.0,-0.02518314561968557,2.0,-0.06303773223000257,2.0,-0.11126366491104406,2.0,-0.11126366491104406
0,1.0,0.27646618769270725,0.0,0.11956884995632168,1.0,0.105516596073061,0.0,0.105516596073061
0,1.0,0.011000464637814312,0.0,0.008633699241745743,1.0,0.009760589578268176,0.0,0.009760589578268176
0,1.0,0.17141971503169712,0.0,0.1370122121447203,1.0,0.13922229083032303,0.0,0.10360895422319741
0,1.0,0.13364455131758185,0.0,0.02550711673251996,1.0,0.027001105730897722,0.0,0.0018787861965635507
0,1.0,0.28266641368624307,0.0,0.09269082319352283,1.0,-0.03687004785118307,0.0,-0.03687004785118307
0,1.0,0.22128536164472545,0.0,0.14714458360615257,1.0,0.053051266964009525,0.0,0.053051266964009525
0,1.0,0.2158245898462791,0.0,0.10552147506310873,1.0,0.05336873965473167,0.0,0.05336873965473167
0,1.0,0.24855019585220903,0.0,0.13491020709612994,1.0,0.13706814215593177,0.0,0.1369061155319832
0,1.0,0.2823484021008374,0.0,0.1635733453224596,1.0,0.09819221562804367,0.0,0.09819221562804367
0,1.0,0.12363910638958545,0.0,0.0937596722870318,1.0,-0.1931399348497681,0.0,-0.1931399348497681
0,1.0,0.12236688109826471,0.0,0.04776030123663564,1.0,-0.013212483285725945,0.0,-0.013212483285725945
0,1.0,0.18356855922603932,0.0,0.026499386999071187,1.0,0.02887597912264647,0.0,-0.05499835090187951
0,1.0,0.1316849333151713,0.0,-0.06442939829532368,1.0,-0.06361855491089087,0.0,-0.07128835901226786
0,1.0,0.15841614833793666,0.0,0.08012677853910118,1.0,0.08204123223094238,0.0,0.03749941670546711
0,1.0,0.23111917422272976,0.0,0.12075847168182911,1.0,0.12265164501216726,0.0,0.09936677695866293
0,1.0,0.25688277091028383,0.0,0.18021021422067976,1.0,0.1588440162481747,0.0,0.1588440162481747
0,1.0,0.25679448386917236,0.0,0.08894527261513398,1.0,0.0904176352659636,0.0,0.08468582412338327
0,0.0,-0.06363302547542635,1.0,0.07926315905532146,0.0,0.021110151307558767,1.0,0.060803798252954656
0,1.0,0.07488425273409283,0.0,-0.05770794433888744,1.0,-0.056085325988251784,0.0,-0.08303090265756968
0,1.0,0.2693503347122122,0.0,0.16052073620320412,1.0,0.06746529749756075,0.0,0.06746529749756075
0,1.0,0.1395406682021966,0.0,0.026289808159036098,3.0,0.1868658674500226,3.0,0.1824936501362627
0,1.0,0.11442084202733976,0.0,-0.07435014447319299,1.0,-0.07479645143307198,0.0,-0.08398854690259405
0,1.0,0.2814798632439268,0.0,0.20113851176692601,1.0,0.07518322479135872,0.0,0.07518322479135872
0,1.0,0.14737489281906338,0.0,0.11975677456367208,1.0,0.12162574705801964,0.0,0.10473944505036115
0,1.0,0.14603165330033258,0.0,0.052520629204416094,1.0,0.04760005056046042,0.0,0.04760005056046042
0,1.0,0.24228895959361235,0.0,0.13034824704296766,1.0,-0.04637074533503354,0.0,-0.04637074533503354
0,1.0,0.1809102399540154,0.0,0.06295968540613485,1.0,0.06530944411037357,0.0,0.026976988638401075
0,1.0,0.24239579779668405,0.0,0.15993716446437187,1.0,0.16346451964502995,0.0,0.12551389815004602
0,1.0,0.1265830260412991,0.0,0.09834202065894491,1.0,0.0005764749200358531,0.0,0.0005764749200358531
0,0.0,0.0397462170287629,2.0,-0.06521512136214717,2.0,-0.06521512136214717,2.0,-0.08662896902954269
0,1.0,0.15962250609572495,0.0,0.073402672192849,1.0,-0.08321235949475962,0.0,-0.08321235949475962
0,1.0,0.2252677624833934,0.0,0.11390946168899546,1.0,0.07503084195658848,0.0,0.041231502582340145
0,1.0,0.253393779491279,0.0,0.11164467859208442,1.0,0.11436567469607306,0.0,0.06906592505065384
0,1.0,0.15192675345577455,0.0,0.011004240065480066,1.0,0.011795720462741167,0.0,-0.0807270793887268
0,1.0,0.18456910848497143,0.0,0.11394299090782303,1.0,0.051509735739078105,0.0,0.051509735739078105
0,1.0,0.0838994479809557,0.0,-0.015070358826538496,1.0,-0.013564376320941806,0.0,-0.05637194102623143
0,1.0,0.1224912379292972,0.0,-0.02350780028207686,1.0,-0.023060392433632164,0.0,-0.027001140951621393
0,1.0,0.2628563268056976,0.0,0.10119334295215857,1.0,0.10314489234578589,0.0,0.06843405637171314
0,1.0,0.2691196106922586,0.0,0.15479177815875392,1.0,0.1574942192278657,0.0,0.14337775087939256
0,1.0,0.008542340384489392,0.0,-0.08994774474814166,1.0,-0.08977711952983417,0.0,-0.13776978688774033
0,0.0,-0.11690576923219312,1.0,0.01755168588554826,0.0,-0.009012723393942332,1.0,0.014209402195171902
0,1.0,0.2302478284873723,0.0,0.1299806083263343,1.0,0.1258051368902988,0.0,0.08713923071328766
0,1.0,0.27979363528339213,0.0,0.15666585474409325,1.0,0.11944915918648603,0.0,0.11944915918648603
0,1.0,0.1686172857058594,0.0,-0.006087804512078213,1.0,-0.045631396888253704,0.0,-0.045631396888253704
0,1.0,0.11546829893884564,0.0,0.04383431147214112,1.0,0.044555798969812266,0.0,0.013230694755927929
0,1.0,0.29578493347105744,0.0,0.1442268759694596,1.0,0.07424366278094993,0.0,0.07424366278094993
0,1.0,0.1539716455322111,0.0,0.09412560396486226,1.0,0.09557561247369054,0.0,0.09100187438815541
0,1.0,0.17832049195118632,0.0,0.010660441073765395,1.0,0.013155996416709215,0.0,-0.053510928609589524
0,1.0,0.21754780683675598,0.0,0.15648798326851535,1.0,0.055977426986918453,0.0,0.055977426986918453
0,1.0,0.08257294416056585,0.0,-0.036704463785034336,1.0,-0.036118475861492305,0.0,-0.12090070773264922
0,1.0,0.26592120375197853,0.0,0.05695860640518556,1.0,0.059137487689537804,0.0,0.03675501113901441
0,1.0,0.2811883805982383,0.0,0.11877497789255226,1.0,0.12150124233086221,0.0,0.06818005203156716
0,1.0,0.2992070741044007,0.0,0.15343238676461593,1.0,0.14035376330589103,0.0,0.14035376330589103
0,1.0,0.07483287665354549,0.0,0.022979048935966508,1.0,-0.021833309152399914,0.0,-0.021833309152399914
0,1.0,0.10991031755680669,0.0,0.003968273912918021,1.0,-0.06680844994376157,0.0,-0.06680844994376157
0,1.0,0.3200244766500583,0.0,0.19266122268496688,1.0,0.19596752093985909,0.0,0.1721042075739926
0,1.0,0.27366704285145277,0.0,0.1428370971950354,1.0,0.04277738571461724,0.0,0.04277738571461724
0,1.0,0.11053917507063908,0.0,-0.0003502567736800293,1.0,0.0025228661943540206,0.0,-0.004942686577721226
0,0.0,-0.02584211170207809,2.0,-0.02445710105626688,2.0,-0.02495966053496733,2.0,-0.02495966053496733
0,1.0,0.2677203265825204,0.0,0.18200787002334842,1.0,0.11001330039361584,0.0,0.11001330039361584
0,1.0,0.23837601211665108,0.0,0.08477558160363893,1.0,0.04072638537611912,0.0,0.04072638537611912
0,1.0,0.2107704727731303,0.0,0.07700328323202466,1.0,0.07894268531852897,0.0,0.04962118193089359
0,0.0,-0.08446922596095172,1.0,0.10970258633542254,0.0,0.10874604556932041,4.0,0.1318254272682045
0,1.0,0.23478289933724078,0.0,0.10155684452886868,1.0,0.098457397149275,0.0,0.06272464626787042
0,1.0,0.06220377766653241,0.0,-0.025782146041052393,3.0,0.28059051551808056,3.0,0.259563575537763
0,1.0,0.17308003230492108,0.0,0.11375601047182574,1.0,0.045887629605611414,0.0,0.045887629605611414
0,1.0,0.1778656408014973,0.0,0.048022558218454595,1.0,0.049784637480342994,0.0,0.026471958333584508
0,1.0,0.2565266088832524,0.0,0.06291921924046186,1.0,0.06573037724925195,0.0,0.05267168701590263
0,1.0,0.24257148131736098,0.0,0.025403750822998228,1.0,0.02739286714706647,0.0,-0.027264717837015416
0,1.0,0.1392894351897793,0.0,0.1267066706902573,1.0,-0.00888049727754712,0.0,-0.00888049727754712
0,1.0,0.1207320771436343,0.0,-0.004876488374601317,1.0,-0.13331976176211352,0.0,-0.13331976176211352
0,1.0,-0.050080199183283006,0.0,-0.10519367461236055,1.0,-0.10524117124398229,0.0,-0.1281318227457757
0,1.0,0.14558384879589442,0.0,0.109688383857549,1.0,0.11205752191208805,0.0,0.09056520340748192
0,1.0,0.213807376474371,0.0,0.08221480637131424,1.0,-0.11185047004066297,0.0,-0.11185047004066297
0,1.0,0.18270775264776695,0.0,0.13797748980681218,1.0,0.14062139102499419,0.0,0.06308480791609307
0,0.0,0.0090627470006264,2.0,-0.02416303876312195,2.0,-0.10434346207774516,2.0,-0.10434346207774516
0,1.0,0.22990088503699205,0.0,0.07078358291309636,1.0,0.07292937899528283,0.0,0.0164339496575012
0,1.0,0.12282695515416865,0.0,-0.036650782308927626,1.0,-0.06294424226703241,0.0,-0.06294424226703241
0,1.0,0.2877616054917659,0.0,0.19891822722934144,1.0,0.20189731263967134,0.0,0.20164338243612506
0,1.0,0.22116896697104207,0.0,0.12680412637933106,1.0,0.11044959205238837,0.0,0.07171270587728322
0,1.0,0.23876338050397808,0.0,0.16106112592919272,1.0,-0.10758443436179055,0.0,-0.10758443436179055
0,1.0,0.280918801660506,0.0,0.17589625905485406,1.0,0.08247697446296696,0.0,0.08247697446296696
0,1.0,0.2160013478570376,0.0,0.09365873060382439,1.0,0.09583077646453472,0.0,0.046296682929849356
0,1.0,0.17776638506264267,0.0,0.07008810476329343,1.0,-0.13398850745936614,0.0,-0.13398850745936614
0,1.0,0.25278179540138074,0.0,0.13848908508921806,1.0,0.07654612708576673,0.0,0.07654612708576673
0,1.0,0.23465725032928927,0.0,0.11779921738481311,1.0,0.09423968151879682,0.0,0.09423968151879682
0,1.0,0.06766269766673771,0.0,-0.037554948886769884,1.0,-0.03502549586370798,0.0,-0.08405139583250885
0,1.0,0.09065946232926696,0.0,0.08070446467507505,1.0,0.054540776760698774,0.0,0.054540776760698774
0,1.0,0.21867589248917174,0.0,0.08970915289779607,1.0,0.0923272807763682,0.0,0.036132654224397334
0,1.0,0.3172896668925102,0.0,0.14418839130357722,1.0,0.14681737218519406,0.0,0.08272172537129913
0,1.0,0.11332769517646711,0.0,-0.06941550014234027,1.0,-0.07025627329087128,0.0,-0.0829500539431026
0,1.0,0.26493654396269756,0.0,0.15457730794336486,1.0,0.07208330809600869,0.0,0.07208330809600869
0,1.0,0.12636044056809195,0.0,0.026494648226685992,1.0,0.027780214342255444,0.0,0.023785930378804058
0,1.0,0.10680864246848731,0.0,-0.025221256390978677,1.0,-0.024701028544987035,0.0,-0.05754432911891406
0,1.0,0.1743426264374492,0.0,0.13951621281872748,1.0,0.04064356375692537,0.0,0.04064356375692537
0,1.0,0.18793107053146524,0.0,0.13984136999092509,1.0,0.14199255107633305,0.0,0.12847182566179763
0,1.0,0.27926946870751207,0.0,0.18964115256719905,1.0,0.0069616484001118195,0.0,0.0069616484001118195
0,1.0,0.27086136208803824,0.0,0.20221557500998452,1.0,0.07589519692938385,0.0,0.07589519692938385
0,1.0,0.0915806976888529,0.0,0.00816112902594829,1.0,0.008642240872252927,0.0,0.000288462549283241
0,1.0,0.2504687316917334,0.0,0.11682782509580728,1.0,-0.09497290077932001,0.0,-0.09497290077932001
0,1.0,0.24124297292878186,0.0,0.11395907147763595,1.0,0.11752875403423713,0.0,0.09813505349762865
0,1.0,0.30425416805933936,0.0,0.137434627210489,1.0,0.14033613876116263,0.0,0.13531154985089905
0,1.0,0.08208232236984378,0.0,-0.01599689108894515,1.0,-0.015178198840233378,0.0,-0.07074055603751365
0,1.0,0.19469864197759576,0.0,0.08762474137023273,1.0,0.03919034718209242,0.0,0.02569664036409555
0,0.0,0.04176339993169531,2.0,0.01779576378814212,2.0,-0.009251919412836757,2.0,-0.02424027945697878
0,1.0,0.29691073076854024,0.0,0.12498113678242448,1.0,0.017768829968975504,0.0,0.017768829968975504
0,1.0,0.31030786093382734,0.0,0.12208585501810752,1.0,0.1243286972398851,0.0,0.12119982060833216
0,1.0,0.025454621275136893,0.0,0.000807766869956771,1.0,0.0010931921574683671,0.0,-0.04804232004211829
0,1.0,0.22230070605433416,0.0,0.11905456890537827,1.0,0.032966248554743414,0.0,0.032966248554743414
0,1.0,0.21192720314027771,0.0,0.1709554751464069,1.0,-0.06008136923822741,0.0,-0.06008136923822741
0,1.0,0.13720186539154258,0.0,0.04255902025038623,1.0,0.01395312926074721,0.0,-0.007946154986545169
0,1.0,0.20718905185972536,0.0,0.07266223772845934,1.0,0.047778372927457166,0.0,0.047778372927457166
0,1.0,0.1547314351576757,0.0,0.10257877012361148,1.0,0.05304830139135289,0.0,0.05304830139135289
0,1.0,0.09079214802735837,0.0,0.005513479384300664,1.0,-0.06439403358650973,0.0,-0.06439403358650973
0,1.0,0.04930152406608304,0.0,0.02337375683708851,1.0,0.023733722288381765,0.0,0.018794441111460197
0,1.0,0.2921623928239755,0.0,0.1846866409342448,1.0,0.18809778853867792,0.0,0.1671862402144052
0,1.0,0.2918268931474178,0.0,0.1909761168807866,1.0,0.03307470030818932,0.0,0.03307470030818932
0,1.0,0.2037985550050555,0.0,0.0773044424808536,1.0,-0.02323718346790025,0.0,-0.02323718346790025
0,1.0,0.17822625129578204,0.0,0.13663919812459896,1.0,0.00811986277350007,0.0,0.00811986277350007
0,1.0,0.2459318633626042,0.0,0.14301459510907694,1.0,0.03813131021565309,0.0,0.03813131021565309
0,1.0,0.3018019772596135,0.0,0.1747524403492509,1.0,0.1759557151753974,0.0,0.15445178106041546
0,1.0,0.09534422187650558,0.0,-0.0010685758050245544,1.0,-0.0010124299679978366,0.0,-0.012367909717041298
0,1.0,0.2905405595915612,0.0,0.1805561677688488,1.0,0.183558913198746,0.0,0.16627322735485522
0,1.0,0.17635337060099066,0.0,-0.04326877146043223,1.0,-0.039458035607639906,0.0,-0.047615652852863545
0,1.0,0.13304218584184263,0.0,-0.050984110740056654,1.0,-0.05046859154646057,0.0,-0.08239793369125292
0,1.0,0.25265912337503904,0.0,0.13428613671590267,1.0,0.0876178446751413,0.0,0.0876178446751413
0,1.0,0.19926338174803737,0.0,0.029291139897944466,1.0,0.03077153369056183,0.0,0.0054947772155770755
0,1.0,0.31747553049684213,0.0,0.23130419730852653,1.0,0.13914313261298064,0.0,0.13914313261298064
0,1.0,0.21712383115441694,0.0,0.08427745987693651,1.0,0.08748789333407359,0.0,0.06453320454216316
0,1.0,0.26407183260806893,0.0,0.09202407066452215,1.0,0.01955250715333435,0.0,0.01955250715333435
0,1.0,0.20471763777261656,0.0,0.06590634883033387,1.0,0.067754587503157,0.0,0.06604475236823107
0,1.0,0.2695299712953494,0.0,0.1266990907723007,1.0,0.009641234846124912,0.0,0.009641234846124912
0,1.0,0.19596982972390456,0.0,0.08771537095364831,1.0,0.09025391790030243,0.0,0.07395678674190671
0,1.0,0.0694146858378884,0.0,0.0008499822477327831,1.0,-0.05489705236889916,0.0,-0.06416922378710886
0,1.0,0.2803315675247336,0.0,0.0934555437365763,1.0,0.0306273105969352,0.0,0.0306273105969352
0,1.0,0.24797690695159683,0.0,0.1140591978806871,1.0,0.11631214351420749,0.0,0.1000964007069761
0,1.0,0.26110053678822287,0.0,0.1429548997520792,1.0,0.13527969121874517,0.0,0.13325518929584793
0,1.0,0.24070074776162836,0.0,0.14027875401601228,1.0,0.0958048193652387,0.0,0.0958048193652387
0,1.0,0.0859424319006163,0.0,0.0191537491394367,1.0,0.019504171776808524,0.0,-0.0048449335146609224
0,1.0,0.28270558091250575,0.0,0.1812973813576876,1.0,0.1055591400351874,0.0,0.1055591400351874
0,1.0,0.13689151069396494,0.0,0.08997836618327376,1.0,-0.052765204508698614,0.0,-0.052765204508698614
0,1.0,0.3399661276713403,0.0,0.1935437833033605,1.0,0.1826109835960979,0.0,0.1826109835960979
0,1.0,0.24049788882535816,0.0,0.2084252263198591,1.0,0.042868693545059955,0.0,0.042868693545059955
0,1.0,0.25469256386003386,0.0,0.058751229444448695,1.0,0.062075722192825526,0.0,0.022307160211689363
0,1.0,0.24560258772749788,0.0,0.1791142077613495,1.0,0.12214358521541177,0.0,0.12214358521541177
0,1.0,0.21850257609137275,0.0,0.17082354590493143,1.0,0.1743214394213406,0.0,0.12936934407314654
0,1.0,0.21035905196189564,0.0,0.05999778732061,1.0,0.06283802641274754,0.0,0.06085156431325085
0,1.0,0.23447102570981404,0.0,0.13403611451345496,1.0,0.13653283473991887,0.0,0.11876466379931824
0,1.0,0.2764236703141121,0.0,0.15599529085191294,1.0,0.15879498398005493,0.0,0.11091148531849726
0,1.0,0.28995747699807767,0.0,0.16782013913412844,1.0,0.17027979255295073,0.0,0.16786984178178413
0,1.0,0.21806695210753824,0.0,0.13677902396455166,1.0,-0.05378561229022911,0.0,-0.05378561229022911
0,1.0,0.162446113011386,0.0,0.03630770056140712,1.0,0.038975722301993684,0.0,0.014195847090202595
0,0.0,-0.031868763171493744,2.0,-0.028394790844262333,2.0,-0.02909068062990242,2.0,-0.02909068062990242
0,1.0,0.17001013581394273,0.0,0.05988506227164232,1.0,0.06317997248412661,0.0,0.014979090421046101
0,1.0,0.17720327211437084,0.0,0.09224647874602523,1.0,0.043716686697690896,0.0,0.043716686697690896
0,1.0,0.25623898868609385,0.0,0.08124676280048947,1.0,0.08460793392672236,0.0,0.024467360663246288
0,1.0,0.16987433247437436,0.0,0.040117576195203855,1.0,0.04240369927303835,0.0,0.002835489982967238
0,1.0,0.23219485564162634,0.0,0.02000711108717666,1.0,0.021925874173861024,0.0,0.002423638768322822
0,1.0,0.27615611635115433,0.0,0.11666865998867078,1.0,-0.03565909973899858,0.0,-0.03565909973899858
0,1.0,0.04585869042244642,0.0,0.003119272270612124,1.0,-0.1515754207613963,0.0,-0.1515754207613963
0,1.0,0.3086149794748146,0.0,0.2178265198772045,1.0,0.15867957490182777,0.0,0.15867957490182777
0,1.0,0.0811237074641792,0.0,-0.01109724039523467,1.0,-0.009731446023212428,0.0,-0.012067421408380775
0,1.0,0.18489842552263266,0.0,0.07828324325822643,1.0,0.08001781395202688,0.0,0.05627623836332315
0,1.0,0.2797018910170939,0.0,0.16174284005897233,1.0,0.14049321191283415,0.0,0.14049321191283415
0,1.0,0.22848132932507284,0.0,0.12442639500369464,1.0,-0.058792674719321786,0.0,-0.058792674719321786
0,0.0,-0.14265024981179414,1.0,0.02235685357743752,0.0,0.020813268521865533,4.0,0.11331044906163416
0,0.0,-0.06594501064193563,1.0,0.11104403717589081,0.0,0.10920084153756529,4.0,0.07945050151863639
0,1.0,0.15509249785962126,0.0,0.07046607828291011,1.0,0.055673165255935096,0.0,0.01879197393856773
0,1.0,0.21933916361686884,0.0,0.11949842997850063,1.0,0.11013407583427046,0.0,0.10871719317356461
0,1.0,0.23742074924800782,0.0,0.08974683993187726,1.0,0.041025858421385106,0.0,0.041025858421385106
0,1.0,0.19696366068419044,0.0,0.022360772678744974,1.0,0.025051296168652832,0.0,0.012818074571549742
0,1.0,0.13598691569599525,0.0,-0.027787618934305678,1.0,-0.02600925860972961,0.0,-0.07136670680514123
0,1.0,0.2754271881902423,0.0,0.0756608492956616,1.0,0.0771313666213792,0.0,0.02929099905520961
0,0.0,-0.1391619049178416,1.0,0.016714493121768533,0.0,0.01631523872723432,1.0,0.14280796185728112
0,1.0,0.23506569437216318,0.0,0.1420860879268474,1.0,0.037153171402971294,0.0,0.037153171402971294
0,1.0,0.1735014512134338,0.0,0.11227178012711397,1.0,0.11438834815562832,0.0,0.10418585432153109
0,1.0,0.26726220428771535,0.0,0.09782039758226492,1.0,0.10166444341001572,0.0,0.07999711239402331
0,1.0,0.24200619147157004,0.0,0.09318297984981226,1.0,0.09531101805217004,0.0,0.08829819529479957
0,1.0,0.11220912237268732,0.0,0.06003282228653112,1.0,0.034002649103588634,0.0,0.007578339116442546
0,1.0,0.25666019156714537,0.0,0.12762442034673113,1.0,0.11221981066848337,0.0,0.11221981066848337
0,1.0,0.25863865364198396,0.0,0.1945893377776844,1.0,0.19753902740710558,0.0,0.17009793480347907
0,0.0,-0.05777229083371843,2.0,-0.06828192259669014,2.0,-0.06828192259669014,2.0,-0.10184785542433201
0,1.0,0.194300930148437,0.0,-0.03769056691614793,1.0,-0.0360293343447731,0.0,-0.09752429140325154
0,0.0,0.020771800097085125,2.0,-0.04405205098459009,2.0,-0.04405205098459009,2.0,-0.08648485835843886
0,1.0,0.22455755049037485,0.0,0.19884995307604347,1.0,0.05860635944475045,0.0,0.05860635944475045
0,1.0,0.27508002757915107,0.0,0.19813019414072985,1.0,0.1516272381489066,0.0,0.1516272381489066
0,0.0,0.09553940466459752,2.0,0.052594967194297744,2.0,0.0028204757558126427,2.0,0.0028204757558126427
0,1.0,0.13386588816927458,0.0,0.09711330048194626,1.0,0.05537323455533588,0.0,0.05537323455533588
0,1.0,0.15254835480416806,0.0,0.049567479747660535,1.0,-0.11046073181296297,0.0,-0.11046073181296297
0,1.0,0.20695319399847334,0.0,0.07447889314134011,1.0,0.07800399919360868,0.0,0.00610519828790803
0,1.0,0.07386569011839751,0.0,-0.06352487676953386,1.0,-0.0623427377228974,0.0,-0.14847573856347435
0,1.0,0.14057479438581144,0.0,0.12288019922366315,1.0,0.024779503015367833,0.0,0.024779503015367833
0,1.0,0.15145681855999962,0.0,0.0942895879373429,1.0,0.03799453344108054,0.0,0.03799453344108054
0,1.0,0.17331476029967302,0.0,0.08144996533695618,1.0,0.08486191898971221,0.0,0.042636713591959335
0,1.0,0.09727134398917803,0.0,0.05887962951005326,1.0,-0.001621891572966834,0.0,-0.006415052161284235
0,1.0,0.2735374651383001,0.0,0.1709177704753426,1.0,-0.0382053574937574,0.0,-0.0382053574937574
0,1.0,0.2744623324308924,0.0,0.15574606062215768,1.0,0.12617365785849471,0.0,0.12617365785849471
0,1.0,0.21744289726325575,0.0,0.05892278366287746,1.0,0.04354048660544259,0.0,-0.004424887441273714
0,1.0,0.2140718777133733,0.0,0.10021874908359271,1.0,0.06693395190703348,0.0,0.06693395190703348
0,1.0,0.19834810650302187,0.0,0.04776085900596711,1.0,-0.05710602820817263,0.0,-0.05710602820817263
0,0.0,-0.09147475781418832,1.0,0.12056792519569219,0.0,0.09837746269325516,1.0,0.10823398214871474
0,1.0,0.238762626874286,0.0,0.05131345107142751,1.0,0.052599908795921316,0.0,0.02135668971280061
0,1.0,0.20569145445146886,0.0,0.06870934240409589,1.0,0.07184065458447994,0.0,0.0346959340888707
0,1.0,0.194625655088467,0.0,0.06944824214932521,1.0,0.012297284774498879,0.0,0.012297284774498879
0,1.0,0.17900481884657138,0.0,0.08403603800812257,1.0,0.0868714075329896,0.0,0.03344290996671983
0,1.0,0.26772801973917176,0.0,0.1517823720953878,1.0,0.15481972727241008,0.0,0.15425880982466778
0,1.0,0.2668023824850531,0.0,0.1488668969937158,1.0,0.15215537755849953,0.0,0.10809304298610163
0,1.0,0.07037451298926455,0.0,-0.08498571324200882,1.0,-0.14511755679888977,0.0,-0.14511755679888977
0,1.0,0.15393812093787013,0.0,0.08242697827353178,1.0,0.050056781896469726,0.0,0.006592169535818023
0,1.0,0.1696512716508509,0.0,0.025812323306381287,1.0,-0.09508394249961342,0.0,-0.09508394249961342
0,1.0,0.19569513613790207,0.0,0.06813695616670935,1.0,0.06918812199632587,0.0,0.024506710143836513
0,0.0,-0.13042228688962929,1.0,0.021481428267929325,0.0,0.020344817708761617,1.0,0.05684788174790498
0,1.0,0.21431634586481196,0.0,0.10487136459143244,1.0,-0.1067579597137634,0.0,-0.1067579597137634
0,1.0,0.2785803994156055,0.0,0.15246181066606507,1.0,-0.09879575758143444,0.0,-0.09879575758143444
0,1.0,0.21493664434853293,0.0,0.1091585781909371,1.0,0.08442153213980186,0.0,0.04666167175074861
0,1.0,0.25570191330259384,0.0,0.12077492609675618,1.0,0.11241631381477186,0.0,0.11241631381477186
0,1.0,0.16162858790296178,0.0,0.10013180531911585,1.0,0.06416552151281478,0.0,0.06416552151281478
0,1.0,0.2249333248452062,0.0,0.10757469401210805,1.0,0.11031623386081583,0.0,0.09227985980838775
0,1.0,0.0937809145131908,0.0,-0.02296150191686808,1.0,-0.020179349134927572,0.0,-0.06945664193888616
0,1.0,0.15248615759018405,0.0,0.11298711254010908,1.0,-0.10788815022544937,0.0,-0.10788815022544937
0,1.0,0.17821087078150563,0.0,0.12249019118786031,1.0,0.04826168151879862,0.0,0.04826168151879862
0,1.0,0.20465624366468743,0.0,0.08466301164278961,1.0,-0.01637531241604882,0.0,-0.01637531241604882
0,1.0,0.047315204323360574,0.0,-0.09142791069340915,1.0,-0.09150074566483128,0.0,-0.1660665823128375
0,1.0,0.11133863280751553,0.0,0.029689423062329013,1.0,0.031322755632981154,0.0,-0.007561993985307271
0,1.0,0.08843796880497724,0.0,-0.03512231402040485,1.0,-0.035427339212876836,0.0,-0.06482535991932513
0,1.0,0.12362930450185203,0.0,0.04264322853621804,1.0,0.04495298282832697,0.0,0.04227122363847548
0,0.0,-0.13103336689582917,2.0,-0.1342183265424743,2.0,-0.13475143337468093,2.0,-0.13475143337468093
0,1.0,0.2870355204826762,0.0,0.1737600396405516,1.0,0.07230126641040703,0.0,0.07230126641040703
0,1.0,0.21297448701910124,0.0,0.11434022901821332,1.0,0.11787888251580095,0.0,0.10682869560527557
0,1.0,0.27661004879513296,0.0,0.11165285590842264,1.0,0.11455065782383213,0.0,0.0999522725094234
0,1.0,0.2682549166875567,0.0,0.21049877469460615,1.0,0.15769029448069483,0.0,0.15769029448069483
0,1.0,0.2708707544212532,0.0,0.18765537502954624,1.0,0.12258115051668621,0.0,0.12258115051668621
0,1.0,0.266092494203946,0.0,0.09311283371916261,1.0,0.09715243019474105,0.0,0.040778201394533864
0,1.0,0.25209222432767814,0.0,0.11988462922441741,1.0,0.03449456749678396,0.0,0.03449456749678396
0,1.0,0.1723345422657059,0.0,0.10474970327024033,1.0,0.08340877944923686,0.0,0.08340877944923686
0,1.0,0.16647431948950855,0.0,0.10856130941933462,1.0,-0.01162829918143363,0.0,-0.01162829918143363
0,0.0,0.1779469111362935,2.0,-0.019432495510052973,2.0,-0.019432495510052973,2.0,-0.10107201630486357
0,1.0,0.30470182674278284,0.0,0.10946079990203257,1.0,0.11192790013535396,0.0,0.06248515903155492
0,1.0,0.13469198275703456,0.0,0.052328440657870456,1.0,0.008608454648230662,0.0,0.008608454648230662
0,1.0,0.2490682249705747,0.0,0.09815878655820014,1.0,0.10091691586542816,0.0,0.08738059446721047
0,1.0,0.236317498537349,0.0,0.13676766921762037,1.0,0.09440391478466917,0.0,0.09440391478466917
0,1.0,0.2100777461438411,0.0,0.15097912095634475,1.0,0.1535005472758011,0.0,0.1236396101856038
0,1.0,0.23843876368811842,0.0,0.0871812306219173,1.0,0.0885781231380344,0.0,0.07151256610077375
0,1.0,0.2015677523580559,0.0,0.09794516038519767,1.0,0.003239003263580894,0.0,0.003239003263580894
0,1.0,0.07260181920593975,0.0,0.035379975324924554,1.0,0.038085365920006865,0.0,0.03560002954974916
0,1.0,0.24852895001762237,0.0,0.1528045154384244,1.0,0.11987755941732864,0.0,0.11987755941732864
0,1.0,0.2034711073182775,0.0,0.140576419860943,1.0,0.14326412639531325,0.0,0.11987068030253949
0,1.0,0.2688400474239551,0.0,0.0611197061499825,1.0,0.062391408072399276,0.0,0.05692764566546478
0,1.0,0.1813102827428131,0.0,0.08001069015078206,1.0,-0.012785701690435103,0.0,-0.012785701690435103
0,1.0,0.2209960131019009,0.0,0.13211294428937226,1.0,0.04801788664735463,0.0,0.04801788664735463
0,1.0,0.2627444938133496,0.0,0.09109781251895308,1.0,0.09293844257388102,0.0,0.08578485170533279
1,0.0,0.29025136147876396,2.0,0.16575216492321043,2.0,0.16575216492321043,2.0,0.14129520636472517
1,0.0,0.3125187372666791,2.0,0.07376748571206664,2.0,0.07376748571206664,2.0,0.04925290612547182
1,0.0,0.19368124438743875,2.0,-0.029619535105597544,2.0,-0.029619535105597544,2.0,-0.050637146933728616
1,0.0,0.20230468987365466,2.0,-0.026970413928571437,2.0,-0.026970413928571437,2.0,-0.09948362899016358
1,0.0,0.2689352176689838,2.0,0.0792520589344005,2.0,0.0792520589344005,2.0,0.059412363399384105
1,0.0,0.17358528590349878,2.0,0.037941520156932126,2.0,-0.03445112475492184,2.0,-0.03445112475492184
1,0.0,0.1858702163334915,2.0,0.0638977073193363,2.0,0.0638977073193363,2.0,0.03773960736359834
1,0.0,0.2606324838604395,2.0,0.15309596298552963,2.0,0.15309596298552963,2.0,0.14227163028359086
1,0.0,0.16216821082545413,2.0,0.09852115288724062,2.0,0.09852115288724062,2.0,0.0832151924358208
1,0.0,0.30605246174911094,2.0,0.12053233797622384,2.0,0.12053233797622384,2.0,0.11215862403510418
1,0.0,0.2188185426246849,2.0,0.07814622060943416,2.0,0.07814622060943416,2.0,0.025716064271883464
1,0.0,0.2771113499804853,2.0,0.04349228813471129,2.0,0.04349228813471129,2.0,-0.019094101255349646
1,0.0,0.2627016533318893,2.0,0.0716646714443997,2.0,0.0716646714443997,2.0,0.05756159751997243
1,0.0,0.21275680535676753,2.0,0.12194665351321085,2.0,0.03572935301456468,2.0,0.03572935301456468
1,0.0,0.3518620383547395,2.0,0.2081878556162528,2.0,0.2081878556162528,2.0,0.1935082898671477
1,0.0,0.19999847881879876,2.0,0.06554427254362662,2.0,0.06554427254362662,2.0,0.05207886089195476
1,0.0,0.15744404623912045,2.0,0.09481913414771782,2.0,-0.019665996002495592,2.0,-0.019665996002495592
1,0.0,0.21491628388353928,2.0,0.07937752707881622,2.0,0.07937752707881622,2.0,0.048843401664979524
1,0.0,0.12854762919554175,1.0,0.07675244667110485,0.0,0.07675244667110485,1.0,0.18755399290059283
1,0.0,0.22467500156982717,2.0,0.0962962355704785,2.0,0.0962962355704785,2.0,0.032060320202233795
1,0.0,0.10917949347740778,1.0,0.04832084778751448,0.0,0.04832084778751448,4.0,0.10517597039344546
1,0.0,0.21798991197701106,2.0,0.04969365018837346,2.0,0.04969365018837346,2.0,0.03618404128819946
1,0.0,0.0587380481383817,2.0,-0.01391557014099953,2.0,-0.023713757736844775,2.0,-0.04456448189746015
1,0.0,0.097917135735098,2.0,-0.08758463095115104,2.0,-0.08758463095115104,2.0,-0.09731265298280548
1,0.0,0.15958497266467017,2.0,0.10699190952375508,2.0,0.10699190952375508,2.0,0.053506129022317925
1,0.0,0.22509845580513996,2.0,0.1402739795047496,2.0,0.09601842974805408,2.0,0.09601842974805408
1,0.0,0.2967105209211554,2.0,0.20129487706739305,2.0,0.20129487706739305,2.0,0.1879621451067324
1,0.0,0.11824215039051945,2.0,0.0036410743650102583,2.0,0.0036410743650102583,2.0,-0.031686884907767984
1,0.0,0.23542430196207836,2.0,0.16063803730892398,2.0,0.12597635041857988,2.0,0.12597635041857988
1,0.0,0.20161787657564706,2.0,0.11398865947110584,2.0,0.11398865947110584,2.0,0.0814853025930141
1,0.0,0.3085348407558885,2.0,0.14927348832580897,2.0,0.14927348832580897,2.0,0.12968979124709842
1,0.0,0.2927761295496,2.0,0.18259558435050316,2.0,0.18259558435050316,2.0,0.16723609158306832
1,0.0,0.1502354296042906,2.0,-0.061953392212796624,2.0,-0.061953392212796624,2.0,-0.08426590096259097
1,0.0,0.29231833034916305,2.0,0.16589556279142698,2.0,0.15193262104567634,2.0,0.1254982602494446
1,0.0,0.18914660198584285,2.0,0.06984990809257274,2.0,0.06984990809257274,2.0,0.024653631515367806
1,0.0,0.27274413098838823,2.0,0.1385719332060772,2.0,0.1385719332060772,2.0,0.10208699195700675
1,0.0,0.12797585672890657,2.0,-0.07253916383871156,2.0,-0.07253916383871156,2.0,-0.12006119036224416
1,0.0,0.22205035224157052,2.0,-0.0018014409600633002,2.0,-0.0018014409600633002,2.0,-0.06460167885268009
1,0.0,0.279075153552518,2.0,0.17437641707095833,2.0,0.17437641707095833,2.0,0.1583288854572398
1,0.0,0.14562783167429535,2.0,0.10734875000153062,2.0,-0.030158610839135968,2.0,-0.030158610839135968
1,0.0,0.006175203954341112,2.0,-0.005954550923017002,2.0,-0.08678482126850462,2.0,-0.08678482126850462
1,0.0,0.22382157584591342,2.0,0.0666061577595615,2.0,0.0666061577595615,2.0,0.04713524236407146
1,0.0,0.20981974801495434,2.0,0.09837035686408542,2.0,0.055714467458391766,2.0,0.0377433937696151
1,0.0,0.07809739417761134,2.0,-0.012628646150576465,2.0,-0.012628646150576465,2.0,-0.02750812019181969
1,0.0,0.22192410278922103,2.0,0.05896734917186155,2.0,0.05896734917186155,2.0,0.057949935962432655
1,0.0,0.1460752456635088,2.0,0.022612659336206126,2.0,0.022612659336206126,2.0,-0.020000247005109852
1,0.0,0.29488533591031457,2.0,0.18169597359705003,2.0,0.18169597359705003,2.0,0.1692246181012273
1,0.0,0.2804793436603907,2.0,0.09158858801403445,2.0,0.09158858801403445,2.0,0.029816806960881546
1,0.0,0.2959737068312425,2.0,0.13609673264918054,2.0,0.13609673264918054,2.0,0.12988765625765064
1,0.0,0.2229349619149849,2.0,0.14655492073362617,2.0,0.10646123427612066,2.0,0.10646123427612066
1,0.0,0.24041582180521107,2.0,0.10301257488613201,2.0,0.10301257488613201,2.0,0.01813436145673087
1,0.0,0.2613072572619788,2.0,0.13585183662566894,2.0,0.13585183662566894,2.0,0.10629802037583493
1,0.0,0.14696595373827548,2.0,0.029887091299744237,2.0,0.029887091299744237,2.0,-0.0071101183875809494
1,0.0,0.2728489239720464,2.0,0.11943714423178729,2.0,0.11943714423178729,2.0,0.07285411107567716
1,0.0,0.25091282182576874,2.0,0.04135912340805347,2.0,-0.034311222520597755,2.0,-0.034311222520597755
1,0.0,0.18877096544926592,2.0,0.03776399953687861,2.0,0.03776399953687861,2.0,0.023743838753515344
1,0.0,0.21883128929827267,2.0,0.08671425268152651,2.0,0.08671425268152651,2.0,0.04442185435158603
1,0.0,0.16855570069196546,2.0,0.0027920293640315156,2.0,0.0027920293640315156,2.0,-0.02022166329448551
1,1.0,-0.05376983326075961,0.0,-0.06412314097162562,1.0,-0.2871173798902852,0.0,-0.2871173798902852
1,0.0,0.18111645602111143,2.0,0.016719884414895338,2.0,0.016719884414895338,2.0,-0.08123298712524027
1,0.0,0.16873537760698723,2.0,0.12248485510134244,2.0,-0.07999315788129302,2.0,-0.07999315788129302
1,0.0,0.182216880392336,2.0,0.08094302429801571,2.0,0.08094302429801571,2.0,0.049610191649294824
1,1.0,-0.04839459190869674,0.0,-0.06131702409953704,1.0,-0.06138306288815647,0.0,-0.0964907535706333
1,0.0,0.24914207587171183,2.0,0.18088431092107157,2.0,0.18088431092107157,2.0,0.163144721884338
1,0.0,0.2923577453831641,2.0,0.12875988114743003,2.0,0.12875988114743003,2.0,0.06372384744932959
1,0.0,0.22010806146191078,2.0,0.09327863209598992,2.0,0.09327863209598992,2.0,0.036309337968886995
1,0.0,0.15667162088618283,2.0,0.04532714207881605,2.0,0.04532714207881605,2.0,0.03267230234113115
1,1.0,-0.006606719282414794,0.0,-0.07654747571765716,1.0,-0.07502190051991989,0.0,-0.14541458056338233
1,0.0,0.24629079606423657,2.0,0.14038097341730407,2.0,0.10288647749119527,2.0,0.08211162723784099
1,0.0,0.339236164932446,2.0,0.15447352401963366,2.0,0.15447352401963366,2.0,0.0882761298044969
1,0.0,0.26325478600843366,2.0,0.15244207364049145,2.0,0.15244207364049145,2.0,0.14505125693856458
1,0.0,0.20262865291072443,1.0,0.06468403195515716,0.0,0.06468403195515716,1.0,0.08787341887917496
1,0.0,0.1677294994884002,2.0,0.09405820875104863,2.0,0.04831517483393243,2.0,0.03852679842181961
1,0.0,0.1767397647538239,2.0,0.11241376395164746,2.0,-0.04953162627818854,2.0,-0.04953162627818854
1,0.0,0.2935038201034947,2.0,0.1541568929551236,2.0,0.15016342261562246,2.0,0.10760327101937836
1,0.0,0.2280402421943081,2.0,0.08579722942981044,2.0,0.08579722942981044,2.0,0.07540761235757992
1,0.0,0.22684258684311298,2.0,0.08760674216433599,2.0,0.08760674216433599,2.0,-0.011698660580564681
1,0.0,0.3337129744028497,2.0,0.1643544390804597,2.0,0.1643544390804597,2.0,0.11875709176484231
1,0.0,0.16989620395121402,2.0,-0.006296008359800482,2.0,-0.006296008359800482,2.0,-0.039058971767834384
1,0.0,0.21180980434318875,2.0,0.1351219924564546,2.0,0.1351219924564546,2.0,0.1005142851370469
1,0.0,0.2756780184524092,2.0,0.18315656833165955,2.0,0.1417783803209603,2.0,0.1417783803209603
1,0.0,0.10973683978509997,2.0,0.022691605767704816,2.0,-0.007296974921536887,2.0,-0.010026036628346422
1,0.0,0.258475872415865,2.0,0.16875232768657797,2.0,0.11942540057117686,2.0,0.11942540057117686
1,0.0,0.041915593778290614,2.0,-0.052394895411991806,2.0,-0.052394895411991806,2.0,-0.10984449862395058
1,0.0,0.22338374576905295,2.0,0.1322029308081623,2.0,0.10736030770199319,2.0,0.10736030770199319
1,0.0,0.24974369880607142,2.0,0.04913730336889539,2.0,0.04913730336889539,2.0,0.039987986441009746
1,0.0,0.23760274829678554,2.0,0.11548965080075142,2.0,0.11548965080075142,2.0,0.08379952141623295
1,0.0,0.2586827857859192,2.0,0.14734261676962462,2.0,0.14734261676962462,2.0,0.12829088258188864
1,0.0,0.20537898085209808,2.0,0.10315568687774139,2.0,0.10315568687774139,2.0,0.09564845360865916
1,0.0,0.14986423517860165,1.0,0.061362699393136516,0.0,0.061362699393136516,1.0,0.14400019252748542
1,0.0,0.31633438875694947,2.0,0.12687235904701802,2.0,0.12687235904701802,2.0,0.09248622468606044
1,0.0,0.23411027821548427,2.0,0.04499057648219904,2.0,0.04499057648219904,2.0,-0.0480905431822133
1,0.0,0.26683979323892787,2.0,0.1680690412963048,2.0,0.1680690412963048,2.0,0.15957933596603766
1,0.0,0.21805935404930796,2.0,0.10533680341816759,2.0,0.05031747358598987,2.0,0.05031747358598987
1,0.0,0.2102375492324761,2.0,0.04383929909810204,2.0,0.04383929909810204,2.0,0.009632562186854734
1,0.0,0.14323011051766715,2.0,0.027098945395283725,2.0,0.027098945395283725,2.0,-0.009164136793194742
1,0.0,-0.0711639630142111,1.0,0.028293922347026115,0.0,0.027629056299988446,1.0,0.08080681614374711
1,0.0,0.17795146679412566,2.0,0.11047942982486217,2.0,0.04984844710165436,2.0,0.024359118627111792
1,0.0,0.14315813332538482,2.0,0.05584034326206878,2.0,0.05584034326206878,2.0,-0.060976417479397624
1,0.0,0.25003601678048,2.0,0.03329913839703495,2.0,0.03329913839703495,2.0,0.027779672222179797
1,0.0,0.17534676794398557,2.0,0.09398299763697647,2.0,-0.07059589388294148,2.0,-0.07059589388294148
1,0.0,0.2474892660741742,2.0,0.1401149888346504,2.0,0.1401149888346504,2.0,0.06663418235162648
1,0.0,0.20505051291058202,2.0,-0.05784674983498278,2.0,-0.05784674983498278,2.0,-0.0976328140575705
1,0.0,0.13423878231902822,2.0,0.005164687194760434,2.0,0.005164687194760434,2.0,-0.03741678358999385
1,0.0,0.15399415759072727,2.0,0.018173496430409188,2.0,0.018173496430409188,2.0,0.011561125092151606
1,0.0,0.1718163753221521,2.0,0.08299200686786767,2.0,0.07864438717648049,2.0,-0.011609429866391598
1,0.0,0.2034228858735033,2.0,0.08558843847592927,2.0,-0.010989014988774519,2.0,-0.03413521480215354
1,0.0,0.32314048147562485,2.0,0.19495189873642144,2.0,0.19495189873642144,2.0,0.17065545814110047
1,0.0,0.2316318252299102,2.0,0.09085578433141207,2.0,0.09085578433141207,2.0,0.01569142676106341
1,0.0,0.11329315874132859,2.0,-0.07341332898539071,2.0,-0.07341332898539071,2.0,-0.14321521654963848
1,0.0,0.13103959766622686,2.0,0.03099506138755079,2.0,0.03099506138755079,2.0,0.009308085067307618
1,0.0,0.27659629302739625,2.0,0.14871086970919123,2.0,0.14871086970919123,2.0,0.13177132235209424
1,0.0,0.23808529999393574,2.0,0.09379781320355658,2.0,0.09379781320355658,2.0,0.09135796233663658
1,0.0,0.16339480737863657,2.0,0.051373566663991344,2.0,0.025627610432706217,2.0,0.02400648249841891
1,0.0,0.21674985990345882,2.0,0.09557303627656163,2.0,0.09259183040521429,2.0,0.07722138958672504
1,0.0,0.27412825585792877,2.0,0.18596705789467158,2.0,0.18596705789467158,2.0,0.1649488169474014
1,0.0,0.21166870451768635,2.0,0.05860440311674075,2.0,0.05860440311674075,2.0,0.032886269860154735
1,0.0,0.2569292664377017,2.0,0.17370081015529287,2.0,0.17370081015529287,2.0,0.16651042145462736
1,0.0,0.28643446922723476,2.0,0.16546572309557794,2.0,0.16546572309557794,2.0,0.12304203386278798
1,0.0,0.28410957098129047,2.0,0.08722299403762554,2.0,0.08722299403762554,2.0,0.08241225297318736
1,0.0,0.2251083529945815,2.0,0.10294172468601429,2.0,0.10294172468601429,2.0,0.09230148577563999
1,0.0,0.12796368923646784,2.0,0.012825695552228006,2.0,0.012825695552228006,2.0,-0.0008227321821195902
1,0.0,0.24519747475785275,2.0,0.13072786003948067,2.0,0.09819198763314801,2.0,0.043661975171588194
1,0.0,0.19571985705332443,2.0,0.03884945950354128,2.0,0.03884945950354128,2.0,-0.017921784338208114
1,0.0,0.26787915430167303,2.0,0.1399622984085055,2.0,0.1399622984085055,2.0,0.1012670208296174
1,0.0,0.12138730366326667,2.0,0.11246532394483258,2.0,0.11246532394483258,2.0,0.11000255943900844
1,0.0,0.23768392019614631,2.0,0.12255591812659031,2.0,0.12255591812659031,2.0,0.08529737577968576
1,0.0,0.2077821016653433,2.0,0.1324063638174787,2.0,0.1324063638174787,2.0,0.12600059694671126
1,0.0,0.255865752289459,2.0,0.09634275180072352,2.0,0.03390233367185958,2.0,0.03390233367185958
1,0.0,0.28531387716011364,2.0,0.14175580766584997,2.0,0.14175580766584997,2.0,0.10648178748460538
1,0.0,0.28624642175532194,2.0,0.09701385199121572,2.0,0.09701385199121572,2.0,0.09342548312020924
1,0.0,0.23835904199913466,2.0,0.09837842898613429,2.0,0.09837842898613429,2.0,0.09069343495901167
1,0.0,0.28702731828368033,2.0,0.12448855899593343,2.0,0.12448855899593343,2.0,0.11718601080405422
1,0.0,0.09178268653491574,2.0,0.05858088697402113,2.0,0.05123354565422719,2.0,0.017738949813901766
1,0.0,0.26837531911139584,2.0,0.1325368264974109,2.0,0.1325368264974109,2.0,0.12630850281095093
1,0.0,0.25155426564427386,2.0,0.17053735828984248,2.0,0.17053735828984248,2.0,0.16168881889871337
1,0.0,0.1762962416682582,2.0,0.08883063565397675,2.0,0.08883063565397675,2.0,0.07360039054375934
1,0.0,0.19468238092090942,2.0,0.11078027135958467,2.0,0.11078027135958467,2.0,0.0885561720807554
1,0.0,0.29835034541477495,2.0,0.11743197858419513,2.0,0.11743197858419513,2.0,0.09792915437745986
1,0.0,0.27850604175101445,2.0,0.17879355817945583,2.0,0.17879355817945583,2.0,0.1546548952710105
1,0.0,0.2500064165887539,2.0,0.1426360035868366,2.0,0.11089219585627663,2.0,0.11089219585627663
1,0.0,0.1839554305547339,2.0,0.037103183791766456,2.0,0.037103183791766456,2.0,0.01988580241861672
1,0.0,0.32392744550751,2.0,0.15953238169830816,2.0,0.15953238169830816,2.0,0.10875324343434672
1,0.0,0.20476688102718366,2.0,0.013050270630669764,2.0,-0.06247200455321856,2.0,-0.06247200455321856
1,0.0,0.3316664817188122,2.0,0.09573084332263046,2.0,0.09573084332263046,2.0,0.08469145147647318
1,0.0,0.19861027964280875,2.0,0.12868452328982083,2.0,-0.001628207236700149,2.0,-0.001628207236700149
1,0.0,0.15843339224697062,2.0,0.06559142200044565,2.0,0.06559142200044565,2.0,0.04513769758486807
1,0.0,0.23925150077074872,2.0,0.09992634520318246,2.0,0.09992634520318246,2.0,0.042267426939913685
1,0.0,0.3190253195278373,2.0,0.1686220570026922,2.0,0.1686220570026922,2.0,0.15210019067030137
1,0.0,0.29484829237057325,2.0,0.06601834399099261,2.0,0.06601834399099261,2.0,0.04241805954789743
1,0.0,0.1837000763655758,2.0,-0.008376740362987809,2.0,-0.008376740362987809,2.0,-0.021256838975831145
1,0.0,0.32114891907088305,2.0,0.11519553230371123,2.0,0.11519553230371123,2.0,0.07685973335991406
1,0.0,0.2532796050312082,2.0,0.16393760803655405,2.0,0.16393760803655405,2.0,0.13802760917510365
1,0.0,0.2019681987279028,2.0,-0.09147398518855743,2.0,-0.09147398518855743,2.0,-0.13543914098425155
1,0.0,0.2708937862896617,2.0,0.11004332436083632,2.0,0.11004332436083632,2.0,0.07806650790822896
1,0.0,0.18415754953443453,2.0,0.0980941696680023,2.0,0.0980941696680023,2.0,0.0626224158751573
1,0.0,0.15505229953197583,2.0,0.1023445106778939,2.0,0.1023445106778939,2.0,0.03270730494595273
1,0.0,0.15468726562488802,2.0,0.03852522510722399,2.0,0.03852522510722399,2.0,0.020389151318299548
1,0.0,0.2299252606155467,2.0,0.15928408233335495,2.0,0.10435442076195495,2.0,0.10435442076195495
1,0.0,0.2014612079058721,2.0,0.10004012520096009,2.0,0.10004012520096009,2.0,0.07177952708524972
1,0.0,0.21390100822199842,1.0,-0.07742119063675754,0.0,-0.07742119063675754,4.0,0.005726564002683041
1,0.0,0.10893319604294432,2.0,-0.06255754800616255,2.0,-0.06255754800616255,2.0,-0.07387064006054656
1,0.0,0.21774118842181314,2.0,0.1615817470659914,2.0,0.1615817470659914,2.0,0.14668872693631016
1,0.0,0.17405746521646642,2.0,0.016120153533891415,2.0,0.016120153533891415,2.0,-0.1057149151834101
1,0.0,0.18920699190801588,1.0,-0.045500628465952486,0.0,-0.045500628465952486,1.0,0.02428892436526553
1,0.0,0.1971472055661788,2.0,0.035195260464419835,2.0,0.035195260464419835,2.0,0.0325873735044209
1,0.0,0.2411235008774314,2.0,0.06436849884822637,2.0,0.06436849884822637,2.0,0.05384138570131567
1,0.0,0.1270169934789952,2.0,0.039107879627075,2.0,0.039107879627075,2.0,0.01922486233729252
1,0.0,0.24087243796789914,2.0,0.12589150858477455,2.0,0.12589150858477455,2.0,0.08148921777424768
1,0.0,0.067515923849263,2.0,0.059341136713227924,2.0,-0.15701994830419033,2.0,-0.15701994830419033
1,1.0,-0.039971673682764275,0.0,-0.06710878815468356,1.0,-0.06608751722351498,0.0,-0.09991372036047722
1,0.0,0.24332846058005275,2.0,0.09426071324538264,2.0,0.09426071324538264,2.0,0.05505803574312778
1,0.0,0.1799053210341601,2.0,0.05640139350964101,2.0,0.05640139350964101,2.0,0.025306849553680934
1,0.0,0.21724188347427795,2.0,0.08584425151026534,2.0,0.08584425151026534,2.0,0.06670048028687424
1,0.0,0.26716775435038737,2.0,0.13214480040512389,2.0,0.13214480040512389,2.0,0.12245335350091544
1,0.0,0.17398082681416074,2.0,0.05170357799254525,2.0,0.05170357799254525,2.0,0.016231853250087507
1,0.0,0.1214417139593039,2.0,-0.045044007801014696,2.0,-0.045044007801014696,2.0,-0.11607714680220917
1,0.0,0.22896783242751242,2.0,-0.012044225274293613,2.0,-0.012044225274293613,2.0,-0.04154727277445668
1,0.0,0.1892721240030937,2.0,0.06701868403753833,2.0,0.06701868403753833,2.0,-0.0038615775950644558
1,0.0,0.2881211053098247,2.0,0.1549801262723863,2.0,0.1549801262723863,2.0,0.10903797031860543
1,0.0,-0.050176896212883564,1.0,0.07532700390130524,0.0,0.07505346625338977,1.0,0.0432029747110682
1,0.0,0.19841128481795842,2.0,0.09368024727443056,2.0,0.09368024727443056,2.0,0.09162359672404453
1,0.0,0.2123337668813182,2.0,0.10518246745183696,2.0,0.10518246745183696,2.0,0.045506838962400875
1,0.0,0.1133801737413827,2.0,-0.06470089252994443,2.0,-0.06470089252994443,2.0,-0.07830909084153098
1,0.0,0.21615533226965344,2.0,0.043775023114585344,2.0,0.043775023114585344,2.0,0.016297609402341914
1,0.0,0.16840513091331222,2.0,0.12091892761562105,2.0,0.12091892761562105,2.0,0.04650914441067734
1,0.0,0.1018316105510774,1.0,0.05863535864106364,0.0,0.03019322214294009,1.0,0.0979426831075875
1,0.0,0.1911785830918586,2.0,0.09883865064675022,2.0,0.09883865064675022,2.0,0.09867334014561252
1,0.0,0.2558396576425393,2.0,0.08973542514823449,2.0,0.08973542514823449,2.0,0.07314715862603721
1,1.0,-0.04520966273997072,0.0,-0.04890122895173875,1.0,-0.046594721149243644,0.0,-0.11047506516170301
1,0.0,0.16670003069762265,2.0,0.06425676994988859,2.0,0.06425676994988859,2.0,0.03789607876431185
1,0.0,0.1856586476743685,2.0,0.049457870858831264,2.0,0.049457870858831264,2.0,-0.0004656276327316705
1,0.0,0.19246993402279125,2.0,0.08509855203687655,2.0,0.07819956047726993,2.0,0.034451559530662174
1,0.0,0.20466598029567548,2.0,0.1483685293388851,2.0,0.1483685293388851,2.0,0.08714360864062413
1,0.0,0.1934253456490601,2.0,0.10556804935622068,2.0,0.10556804935622068,2.0,0.09077309151628045
1,0.0,0.2597456040821872,2.0,0.1331948760170612,2.0,0.1331948760170612,2.0,0.09620027081552429
1,0.0,0.2271437779676602,2.0,0.09421020596764003,2.0,0.09421020596764003,2.0,0.06589782904076724
1,0.0,0.03687515703148902,1.0,0.1522451447845131,0.0,0.1522451447845131,1.0,0.20531945492456594
1,0.0,-0.07151390515017558,1.0,0.06800976382194816,0.0,0.044519448174825955,4.0,0.16747298843825964
1,0.0,0.05732578404033502,2.0,-0.13725093655297688,2.0,-0.13725093655297688,2.0,-0.17186155190496122
1,0.0,0.27421096154944435,2.0,0.13719571362860902,2.0,0.13719571362860902,2.0,0.08024693532328044
1,0.0,0.20411858105420552,2.0,0.11680505517308735,2.0,0.11680505517308735,2.0,0.09614836683233317
1,0.0,0.12926152764415538,1.0,0.05893103228679884,0.0,-0.03696902664582467,4.0,-0.01578967427049117
1,0.0,0.19756476183698254,2.0,0.06279744738916834,2.0,-0.04042545519509331,2.0,-0.04042545519509331
1,0.0,0.17739212446315317,2.0,0.09363181161438233,2.0,0.09223096554013079,2.0,0.05521921649528232
1,0.0,0.26353276119851293,2.0,0.13304377299336426,2.0,0.13304377299336426,2.0,0.10003748970952295
1,0.0,0.09898487423452138,2.0,0.02239131737370938,2.0,-0.032547031398437384,2.0,-0.032547031398437384
1,0.0,0.22356722412746868,2.0,0.1270351741257728,2.0,0.0941048441481346,2.0,0.0941048441481346
1,0.0,0.1771536799268944,2.0,0.07058195765058929,2.0,0.03019523989553719,2.0,0.03019523989553719
1,0.0,0.17130333343508403,2.0,0.055365460958937955,2.0,-0.011131269380216944,2.0,-0.011131269380216944
1,0.0,0.2773795585479478,2.0,0.09672319242329713,2.0,0.09672319242329713,2.0,0.08768167078491339
1,1.0,-0.07901814125458866,0.0,-0.08632529298814316,1.0,-0.08477639520744232,0.0,-0.09248504206465427
1,0.0,0.3463355299607431,2.0,0.1656579161278606,2.0,0.1656579161278606,2.0,0.15965899236476866
1,0.0,0.15013515152650456,2.0,-0.06426575917268915,2.0,-0.06426575917268915,2.0,-0.13687373134717074
1,0.0,0.26627460450923407,2.0,0.16378364865238976,2.0,0.16378364865238976,2.0,0.13353729224818184
1,0.0,0.17753903227081558,2.0,0.0487853841082577,2.0,0.0487853841082577,2.0,0.015068050438175691
1,0.0,0.1245385361839445,2.0,0.06953048394021802,2.0,-0.041346387854900586,2.0,-0.041346387854900586
1,0.0,0.2637866997978758,2.0,0.09417155264992502,2.0,0.09417155264992502,2.0,0.06544205547669765
1,0.0,0.2002153426110045,2.0,-0.008327261424401315,2.0,-0.008327261424401315,2.0,-0.052254379635846795
1,0.0,0.2820722423219538,2.0,0.1934075583770575,2.0,0.15569603696216205,2.0,0.14160649635758576
1,0.0,0.32462207297510204,2.0,0.18899858967934013,2.0,0.18899858967934013,2.0,0.16382203716653546
1,0.0,0.15593735547797674,2.0,-0.02887896853493379,2.0,-0.02887896853493379,2.0,-0.03822872959241116
1,0.0,0.21844851179733005,2.0,0.054817734741669406,2.0,0.054817734741669406,2.0,-0.037776097977237126
1,0.0,0.22392517263297332,2.0,0.16694039251581322,2.0,0.16694039251581322,2.0,0.15877851522432365
1,0.0,0.30318361607732314,2.0,0.13164043610244644,2.0,0.13164043610244644,2.0,0.12275006338231037
1,0.0,0.2858651845610614,2.0,0.07650896916534541,2.0,0.07650896916534541,2.0,0.060257866057778824
1,0.0,0.16570163592992954,2.0,0.04327402312964501,2.0,0.04327402312964501,2.0,0.031590510808221145
1,0.0,0.320000127457482,2.0,0.19033457574610654,2.0,0.19033457574610654,2.0,0.158420528738264
1,0.0,0.2741734022135424,2.0,0.10289456691722791,2.0,0.10289456691722791,2.0,0.07578723143080922
1,0.0,0.15032068131490697,2.0,0.036843311594721706,2.0,0.036843311594721706,2.0,-0.021719948761078287
1,0.0,0.00018258944920312848,1.0,0.08390720778276496,0.0,-0.024566426831969572,4.0,0.08490626810399902
1,0.0,0.15348929908387696,2.0,-0.013180375913502925,2.0,-0.013180375913502925,2.0,-0.023102496013436724
1,0.0,0.2729950128712839,2.0,0.16326875542840974,2.0,0.16326875542840974,2.0,0.14499386445981913
1,0.0,0.1550169904323526,2.0,0.08750756639284567,2.0,0.08750756639284567,2.0,0.047397211400867556
1,0.0,0.26532102665336793,2.0,0.03563677721470349,2.0,0.03563677721470349,2.0,0.02683754373305647
1,0.0,0.20191035577713562,2.0,0.14644618589890035,2.0,0.14644618589890035,2.0,0.1446013394270291
1,0.0,0.07631872087825348,2.0,0.002293221416416779,2.0,0.002293221416416779,2.0,-0.01039349515380091
1,0.0,0.07241691555033253,2.0,0.05018047600545771,2.0,-0.06045414836888378,2.0,-0.06045414836888378
1,0.0,0.2063988661730774,2.0,0.11666131461909283,2.0,-0.00014032375469839067,2.0,-0.00014032375469839067
1,0.0,0.2408397637883582,2.0,0.11654706663806803,2.0,0.11654706663806803,2.0,0.11004626048836479
1,0.0,0.284264245511493,2.0,0.09609772635948265,2.0,0.09609772635948265,2.0,0.08764230198965828
1,0.0,0.15989109334227875,2.0,-0.00942808311842881,2.0,-0.00942808311842881,2.0,-0.01815498906059919
1,0.0,0.30234549709157504,2.0,0.19236894289771025,2.0,0.19236894289771025,2.0,0.1770395259290209
1,0.0,0.21347048657522222,2.0,0.08155007585387787,2.0,0.08155007585387787,2.0,0.07005212855513834
1,0.0,0.21737472019703502,2.0,0.08527203344414945,2.0,0.08527203344414945,2.0,0.04068563343541034
1,0.0,0.2709455354992338,2.0,0.05439687905254847,2.0,0.05439687905254847,2.0,0.04925591731754107
1,0.0,0.16883833283952907,2.0,0.01929581649626446,2.0,0.01929581649626446,2.0,0.0017449867816109437
1,0.0,0.30091663538392865,2.0,0.08536003952523588,2.0,0.08536003952523588,2.0,0.06972872743061628
1,0.0,0.18456113168131252,2.0,0.06956739158891313,2.0,0.06956739158891313,2.0,0.003920292154121434
1,0.0,0.17256705298542033,2.0,0.13096156149512325,2.0,0.13096156149512325,2.0,0.10655319258014151
1,0.0,0.26011910611167394,2.0,0.11053238546874468,2.0,0.08592631575607082,2.0,0.08592631575607082
1,0.0,0.31705397555340376,2.0,0.13275843542907764,2.0,0.13275843542907764,2.0,0.10306200294508255
1,0.0,0.06225000408734459,2.0,0.021173984172385873,2.0,0.021173984172385873,2.0,0.0127533486159295
1,0.0,0.24309402356153856,2.0,0.07994774411111556,2.0,0.07994774411111556,2.0,0.0721438706555701
1,0.0,0.1971603129275969,2.0,0.05804199826226173,2.0,0.05804199826226173,2.0,0.028765815743301736
1,0.0,0.21446147541184377,2.0,0.03662431838582831,2.0,0.03662431838582831,2.0,0.010630816991309213
1,0.0,0.2637530493990082,2.0,0.17191502279556153,2.0,0.17191502279556153,2.0,0.16257069864506407
1,0.0,0.19981082834096908,2.0,0.05094375473999569,2.0,0.05094375473999569,2.0,-8.472687322133221e-05
1,0.0,0.148642820233807,1.0,-0.01643185495263091,0.0,-0.01643185495263091,1.0,0.021549003693681002
1,0.0,0.24754956383799434,2.0,0.06265743099917284,2.0,0.06265743099917284,2.0,0.031950969095047944
1,1.0,-0.11612392362248489,0.0,-0.119278637839201,3.0,0.19825970376912824,3.0,0.19825970376912824
1,0.0,0.23439188601546307,2.0,0.11480177946999558,2.0,0.11480177946999558,2.0,0.1060833463649241
1,0.0,0.2974130983900427,2.0,0.16733857551555703,2.0,0.09225779598825257,2.0,0.09225779598825257
1,0.0,0.15074523398357403,2.0,0.05854891044749062,2.0,0.05854891044749062,2.0,0.02375354834495461
1,0.0,0.2634922749564109,2.0,0.1930494908830546,2.0,0.16422375449047788,2.0,0.16422375449047788
1,0.0,0.2158704123738976,2.0,-0.05710453304337889,2.0,-0.05710453304337889,2.0,-0.0829963897188717
1,0.0,0.027687398329486322,2.0,-0.037748423527807225,2.0,-0.037748423527807225,2.0,-0.03794319686012591
1,0.0,0.24099363962330705,2.0,0.05659433613692225,2.0,0.05659433613692225,2.0,0.03277042553418382
1,1.0,-0.02448475795649272,0.0,-0.03304117832066275,1.0,-0.03260739372758479,0.0,-0.03260739372758479
1,0.0,0.25205468525889424,2.0,0.11705083437286844,2.0,0.11705083437286844,2.0,0.10859349302628606
1,0.0,0.03347460141716782,1.0,0.1563966592300435,0.0,0.10920475369217161,1.0,0.18232059211563892
1,0.0,0.10621324470521958,2.0,0.0026986383879946687,2.0,0.0026986383879946687,2.0,-0.007107595468259985
1,0.0,0.25881283901798857,2.0,0.14053595555578444,2.0,0.14053595555578444,2.0,0.07888103429521075
1,0.0,0.21704053141216598,2.0,0.14221468697591838,2.0,0.14221468697591838,2.0,0.10010547920306215
1,0.0,0.2938418237606171,2.0,0.15649055277710147,2.0,0.15649055277710147,2.0,0.1447890420794421
1,0.0,0.03937515442298307,2.0,-0.03974784728898056,2.0,-0.03974784728898056,2.0,-0.09476663129273846
1,0.0,0.20193127707575323,2.0,0.12207656555958729,2.0,0.08133829911637012,2.0,0.08133829911637012
1,0.0,0.22170052658809106,2.0,0.06458870547789372,2.0,0.06458870547789372,2.0,0.017099659157541178
1,0.0,0.30126314700947,2.0,0.12543643185955533,2.0,0.12543643185955533,2.0,0.09689847813630548
1,0.0,0.29200276132794334,2.0,0.12473334689116478,2.0,0.12473334689116478,2.0,0.12192495154233204
1,0.0,0.03479476089212701,1.0,0.15828821491259037,0.0,0.015435500039271759,4.0,0.059065308123789885
1,0.0,0.14075977162582584,2.0,0.036209590932562805,2.0,-0.10661447407476998,2.0,-0.10661447407476998
1,0.0,0.32849575707850553,2.0,0.16197201073082504,2.0,0.16197201073082504,2.0,0.14537337848406154
1,0.0,0.27459153906578043,2.0,0.09202998654438087,2.0,0.09202998654438087,2.0,0.09154887772273013
1,0.0,0.2453792753470677,2.0,0.10100057933817083,2.0,0.10100057933817083,2.0,0.09309984876569127
1,0.0,0.16841788569553448,1.0,0.04674787208008464,0.0,0.04674787208008464,1.0,0.11774784814315674
1,0.0,0.17412474362931465,2.0,0.12439324982614425,2.0,0.014544932314642671,2.0,0.014544932314642671
1,0.0,0.27339663022852784,2.0,0.19484750977551266,2.0,0.16484019907332045,2.0,0.16484019907332045
1,0.0,0.1495022219417579,2.0,0.06531956710627623,2.0,0.06531956710627623,2.0,0.024068720960694644
1,0.0,0.2561593603235419,2.0,0.13849989190652442,2.0,0.13849989190652442,2.0,0.11803614337732703
1,1.0,-0.05950970538150429,0.0,-0.06552028479953138,1.0,-0.06515299433032218,0.0,-0.06515299433032218
1,0.0,0.1035572749252831,1.0,0.11302389390876351,0.0,0.11302389390876351,1.0,0.15023018694546802
1,0.0,0.27343128579813475,2.0,0.19499325204844478,2.0,0.19499325204844478,2.0,0.18997996246216534
1,0.0,0.15560864232561242,2.0,0.0838849100860413,2.0,0.0838849100860413,2.0,0.0835913244436631
1,0.0,0.17951539628857122,2.0,0.023276631971079608,2.0,0.023276631971079608,2.0,-0.013207796468580623
1,1.0,-0.07159448330460406,0.0,-0.1326048567809282,1.0,-0.13118726218475946,0.0,-0.15843265734481637
1,0.0,0.14888049829750502,2.0,-0.039272068264150965,2.0,-0.039272068264150965,2.0,-0.04307241243674559
1,0.0,0.17083390419540986,2.0,0.057000996486550555,2.0,-0.01922441122772182,2.0,-0.01922441122772182
1,0.0,0.2692019001271947,2.0,0.06408336773747023,2.0,0.06408336773747023,2.0,0.05525040099502743
1,0.0,0.2959749425047398,2.0,0.1377816308725961,2.0,0.1377816308725961,2.0,0.09845903751916148
1,0.0,0.18417145273797353,1.0,0.06626631235382494,0.0,0.06626631235382494,4.0,0.05528089801233097
1,0.0,0.15882302780477497,2.0,-0.06557171619893239,2.0,-0.06557171619893239,2.0,-0.11922894135129289
1,0.0,0.14292021917182515,2.0,-0.029388068235744032,2.0,-0.029388068235744032,2.0,-0.12348339502015239
1,0.0,0.13765980833666885,2.0,0.04943700720014,2.0,0.04943700720014,2.0,0.042687700029680684
1,0.0,0.20832199138896834,2.0,0.06633840241314734,2.0,0.06633840241314734,2.0,0.029099762294346722
1,0.0,0.16186121926426014,1.0,0.03667058000053469,0.0,0.03667058000053469,1.0,0.034780130520851806
1,0.0,0.15353751199730925,2.0,0.041280695398361725,2.0,-0.041152210916347076,2.0,-0.041152210916347076
1,0.0,0.20247889686189985,2.0,0.038625139841658926,2.0,-0.07114648187472217,2.0,-0.07114648187472217
1,0.0,0.16131533684678903,2.0,0.03965924578522929,2.0,-0.05071839916928069,2.0,-0.05071839916928069
1,0.0,0.24871703528236408,2.0,0.12562737758717224,2.0,0.12562737758717224,2.0,0.1162591527636377
1,0.0,0.22182826651550733,2.0,0.01652375864670566,2.0,0.01652375864670566,2.0,-0.02698720812194932
1,0.0,0.2967201321974143,2.0,0.11785599537106631,2.0,0.11785599537106631,2.0,0.10849215371883707
1,0.0,0.25838425809954535,2.0,0.1889252081644203,2.0,0.030767420099706445,2.0,0.030767420099706445
1,0.0,0.20274094077362909,2.0,0.05303922191745026,2.0,0.05303922191745026,2.0,0.024405521185438032
1,0.0,0.23126362670809544,2.0,0.11911700394312331,2.0,0.02366559752135688,2.0,0.02366559752135688
1,0.0,0.23999723460203273,2.0,0.15417828108838733,2.0,0.10863106949716453,2.0,0.0877137009769608
1,0.0,0.22556372175003905,2.0,0.0870794458454168,2.0,0.0870794458454168,2.0,2.7229706132750484e-05
1,0.0,0.11822795008012466,1.0,0.13920401627744786,0.0,0.13920401627744786,4.0,0.08655932344821408
1,0.0,0.043428087795433695,1.0,0.10525039439964484,0.0,0.10525039439964484,4.0,0.10557475854472302
1,0.0,0.3032906996495632,2.0,0.18521501520835182,2.0,0.18521501520835182,2.0,0.14151434168524116
1,0.0,0.2639981027457442,2.0,0.08302998905818619,2.0,0.08302998905818619,2.0,0.08262904668140943
1,0.0,0.1964509788451257,2.0,0.052008166605654826,2.0,-0.02185032575743164,2.0,-0.02185032575743164
1,0.0,0.16816155871673338,2.0,0.08076566692347072,2.0,0.0390440924341352,2.0,0.0390440924341352
1,0.0,0.2862272253347406,2.0,0.05571154461937801,2.0,0.05571154461937801,2.0,0.05422010853964409
1,0.0,0.1829384878226266,2.0,0.06497561685479453,2.0,0.06497561685479453,2.0,0.020190620173275754
1,0.0,0.12797812742391307,2.0,-0.054123774510733816,2.0,-0.054123774510733816,2.0,-0.1069491836901316
1,1.0,0.10729054392843942,0.0,0.032123551602400414,1.0,-0.007587430480305573,0.0,-0.007587430480305573
1,0.0,0.2906033850397854,2.0,0.17609940482961778,2.0,0.17609940482961778,2.0,0.16125168519876876
1,0.0,0.1581668256412573,2.0,-0.06644792662231847,2.0,-0.06644792662231847,2.0,-0.11805951497507955
1,0.0,0.191184706242184,2.0,0.061856382775985944,2.0,0.061856382775985944,2.0,0.052949197524097075
1,0.0,0.31933842971418325,2.0,0.17386624244879137,2.0,0.17386624244879137,2.0,0.16520892747601904
1,0.0,0.06934590053900583,2.0,-0.0030609022177099502,2.0,-0.0030609022177099502,2.0,-0.014307977138686255
1,0.0,0.21944138731943016,2.0,0.07270480370926394,2.0,0.03197068602023735,2.0,0.004695543871948215
1,0.0,0.17424816165868406,2.0,0.10409947648655991,2.0,0.10409947648655991,2.0,0.06553992596652007
1,0.0,0.285596184203138,2.0,0.11289447614992278,2.0,0.09832904115150552,2.0,0.09444301613192636
1,0.0,0.23919949720497516,2.0,0.13248060976789675,2.0,0.11711567161185217,2.0,0.09437461701206505
1,0.0,0.21524699451618032,2.0,0.09307487949019898,2.0,0.09307487949019898,2.0,0.0684029505121247
1,0.0,0.22098620803533442,2.0,0.12895224313867262,2.0,0.12022555158398497,2.0,0.07620316130115791
1,0.0,0.24454786613098345,2.0,0.13562961664456252,2.0,0.13562961664456252,2.0,0.08354351587225801
1,0.0,0.08755045388250113,2.0,-0.08314481069778157,2.0,-0.08314481069778157,2.0,-0.12218347355546681
1,0.0,0.2576934275094526,2.0,0.12486580837582265,2.0,0.12486580837582265,2.0,0.09607244074779153
1,0.0,0.25937431695279817,2.0,0.19070899646968917,2.0,0.15068593888995244,2.0,0.15068593888995244
1,0.0,0.22029233864887718,2.0,0.032858592312371177,2.0,0.032858592312371177,2.0,-0.004622672068692936
1,0.0,0.2465845706657704,2.0,0.0756875586650418,2.0,0.0756875586650418,2.0,-0.012921065778420286
1,0.0,0.21177323998356068,2.0,0.16751724923623343,2.0,0.048206113667001435,2.0,0.048206113667001435
1,0.0,0.21809406600881914,2.0,0.05496426980272703,2.0,-0.016193284229172097,2.0,-0.016193284229172097
1,0.0,0.25577234780140234,2.0,0.1353894160275042,2.0,0.1353894160275042,2.0,0.11865153095898501
1,0.0,0.20243156563092832,2.0,0.11963559885326083,2.0,0.11963559885326083,2.0,0.0663847972421438
1,0.0,0.27948859198264714,2.0,0.15094159117812422,2.0,0.15094159117812422,2.0,0.10284401603249035
1,0.0,0.1834864587518397,2.0,0.11292093673276483,2.0,0.11292093673276483,2.0,0.05712716351586798
1,0.0,0.03154772404387857,2.0,-0.024487736090738805,2.0,-0.024487736090738805,2.0,-0.057023513653428476
1,0.0,0.17666508644643317,2.0,0.10776931196917314,2.0,-0.002363326960211624,2.0,-0.002363326960211624
1,0.0,0.029583850897700256,2.0,0.03586370848712171,2.0,-0.015730615060357906,2.0,-0.015730615060357906
1,0.0,0.25454427080262176,2.0,0.07410091855158409,2.0,0.07410091855158409,2.0,0.023052427409684932
1,0.0,0.1636141059431906,2.0,0.05867380433443292,2.0,0.05867380433443292,2.0,0.03218546423177435
1,0.0,0.1737140788395659,1.0,0.0270411811004271,0.0,-0.008501973799743866,1.0,0.03729604573788556
1,0.0,0.24778634593882454,2.0,0.10583154143789754,2.0,0.0363661399027164,2.0,0.0363661399027164
1,0.0,0.2325751405959129,2.0,0.10109563101344511,2.0,0.10109563101344511,2.0,0.075604462522697
1,0.0,0.17131683031126682,2.0,0.004922214213739542,2.0,0.004922214213739542,2.0,-0.01831817326015695
1,0.0,0.33225483609756723,2.0,0.20338203212982223,2.0,0.20338203212982223,2.0,0.15714508267691307
1,0.0,0.2771979564330735,2.0,0.09122015635453717,2.0,0.09122015635453717,2.0,0.07660849126524724
1,0.0,0.2251143083267192,2.0,0.11793033085489678,2.0,0.086771142662374,2.0,0.086771142662374
1,0.0,0.2586385764216239,2.0,0.1463339093683074,2.0,0.1463339093683074,2.0,0.12591865421253437
1,0.0,0.29251778366759673,2.0,0.1370378530218793,2.0,0.1370378530218793,2.0,0.10953338749962173
1,0.0,0.28747939140975204,2.0,0.1678384980267088,2.0,0.1678384980267088,2.0,0.12672101139426914
1,0.0,0.1930642508051231,2.0,0.06896575788610777,2.0,0.04107887677296645,2.0,0.018792497448783155
1,0.0,0.19110466072337845,2.0,0.10834287690795696,2.0,0.10834287690795696,2.0,0.10482186950991407
1,0.0,0.13937280174263478,2.0,0.10076891034578311,2.0,-0.016022939993238932,2.0,-0.016022939993238932
1,0.0,0.25137034561120986,2.0,0.14419066960206825,2.0,0.14419066960206825,2.0,0.13957673855950922
1,1.0,-0.014489314663503523,0.0,-0.046162498965458695,3.0,0.3179490766816118,3.0,0.3015313112447008
1,1.0,-0.021409854187179906,0.0,-0.1260517862949621,1.0,-0.1241335003698897,0.0,-0.22194541892683303
1,0.0,0.31336835620890735,2.0,0.1563364779739248,2.0,0.1563364779739248,2.0,0.1332826413066223
1,0.0,0.19433320409720406,2.0,0.150814131691715,2.0,0.150814131691715,2.0,0.12829042360235585
1,1.0,-0.04680608677639675,0.0,-0.051443550244658236,1.0,-0.050890780683679034,0.0,-0.050890780683679034
1,1.0,-0.07009460668643806,0.0,-0.07736499437102652,1.0,-0.07727149550152707,0.0,-0.1442102161050563
1,0.0,0.26837524287106285,2.0,0.1123306566361787,2.0,0.1123306566361787,2.0,0.10520685890435742
1,0.0,0.2895468228302982,2.0,0.1286843779712482,2.0,0.1286843779712482,2.0,0.09040189238974619
1,0.0,0.15353587725398346,1.0,0.03330975693624185,0.0,0.03330975693624185,4.0,0.12031066393667787
1,0.0,0.2591690060321562,2.0,0.12491137590287432,2.0,0.12491137590287432,2.0,0.04807676734310252
1,0.0,0.18286299323436325,2.0,-0.018807005195770762,2.0,-0.018807005195770762,2.0,-0.057142204935890686
1,0.0,0.135714697032834,2.0,0.03750795397833853,2.0,0.03750795397833853,2.0,0.02051244317975534
1,0.0,0.1118341875180425,2.0,0.006808618460564751,2.0,-0.043785328824971555,2.0,-0.043785328824971555
1,0.0,0.24368880076289234,2.0,0.07260843277815952,2.0,0.07260843277815952,2.0,0.018089227276497227
1,0.0,0.2438871089334647,2.0,0.11043535617857402,2.0,0.11043535617857402,2.0,0.10791021729330966
1,0.0,0.21734687617073448,2.0,0.050814205865684865,2.0,-0.06629428052027145,2.0,-0.06629428052027145
1,0.0,0.009355819103467144,2.0,-0.014873710676197116,2.0,-0.014873710676197116,2.0,-0.05257821127722575
1,0.0,0.16762642223511737,2.0,-0.023956967218339717,2.0,-0.023956967218339717,2.0,-0.045106956795129605
1,0.0,0.1707298682771642,2.0,0.04549767995526709,2.0,0.04549767995526709,2.0,-0.028913109564497035
1,0.0,0.21659883486475656,2.0,-0.029250368645069847,2.0,-0.029250368645069847,2.0,-0.0360577949409443
1,0.0,0.15668743102699426,2.0,0.06782109121039116,2.0,0.06782109121039116,2.0,0.024398146932909908
1,0.0,0.0709299276915853,1.0,0.14162669556039506,0.0,0.14162669556039506,1.0,0.05775936243056957
1,0.0,0.1395628699213352,2.0,0.0029232981619395563,2.0,0.0029232981619395563,2.0,-0.013804780165406278
1,0.0,0.2860781392618509,2.0,0.14359738103416725,2.0,0.14359738103416725,2.0,0.10702771997607735
1,0.0,0.20139952132692737,2.0,0.04959555714658413,2.0,0.04959555714658413,2.0,0.038329588271415194
1,0.0,0.20175747311409856,2.0,0.0886991277179573,2.0,0.0886991277179573,2.0,0.06151649346100451
1,0.0,0.09705823522887673,1.0,0.13586803566208397,0.0,0.13586803566208397,4.0,0.12203728181869282
1,0.0,0.12260831278652475,2.0,0.003492566147767975,2.0,-0.008984068655927432,2.0,-0.04468090541679
1,0.0,0.2613813765066144,2.0,0.16147796352266153,2.0,0.13272408043205186,2.0,0.13272408043205186
1,0.0,0.07395830658288062,2.0,-0.07287483875773962,2.0,-0.13853019308408743,2.0,-0.13853019308408743
1,0.0,0.2323940481652206,2.0,-0.0240442016683691,2.0,-0.0240442016683691,2.0,-0.025149480156032886
1,0.0,0.2172502790772481,2.0,0.1274671740897356,2.0,0.053004408259462496,2.0,0.053004408259462496
1,0.0,0.26935251485226674,2.0,0.1582703053345091,2.0,0.1582703053345091,2.0,0.15277769656463513
1,0.0,0.24975894365166612,2.0,0.10198442582252057,2.0,0.10198442582252057,2.0,0.09881564179462189
1,0.0,0.2787373786419898,2.0,0.1290167003746806,2.0,0.1290167003746806,2.0,0.1009166145160206
1,0.0,0.1361855671649922,2.0,0.084462278691376,2.0,0.084462278691376,2.0,0.04210765785716576
1,0.0,0.19268853249665585,2.0,0.12569515253446747,2.0,0.12569515253446747,2.0,0.10449405543970859
1,0.0,0.2286632127867688,2.0,0.015774536243136798,2.0,0.004910896791693466,2.0,-0.02857355197025001
1,0.0,0.15437432651747837,2.0,0.06774543145830313,2.0,0.045942390946023,2.0,0.045942390946023
1,0.0,0.14762274985789084,2.0,0.09107020336922475,2.0,0.07251959720915273,2.0,0.03203286917152852
1,0.0,0.20164450441669404,1.0,0.029744166964542653,0.0,0.029744166964542653,4.0,0.0966011151790819
1,0.0,0.13925684336148475,2.0,-0.01383748325915661,2.0,-0.17505438287490468,2.0,-0.17505438287490468
1,0.0,0.28287403837468994,2.0,0.15661349339845085,2.0,0.15661349339845085,2.0,0.11676647342853845
1,0.0,0.25245073939818086,2.0,0.12303554568880096,2.0,0.12303554568880096,2.0,0.098929075896345
1,0.0,0.20511277363561659,2.0,-0.0047302845029305015,2.0,-0.0047302845029305015,2.0,-0.03382856421824976
1,0.0,0.17973170981156805,2.0,-0.056128277618609036,2.0,-0.09626744701065197,2.0,-0.09626744701065197
1,0.0,0.19248487576142245,2.0,0.10754362796597498,2.0,-0.01137201391136939,2.0,-0.01137201391136939
1,0.0,0.2373901854705084,2.0,0.028828073790374026,2.0,0.028828073790374026,2.0,0.011635231670701797
1,0.0,0.27925568704613674,2.0,0.1544183000665248,2.0,0.14031019550021065,2.0,0.14031019550021065
1,0.0,0.15731703228087152,2.0,0.08273742169072948,2.0,0.08273742169072948,2.0,0.0669567296746969
1,0.0,0.20903357436793904,2.0,0.06527018997933548,2.0,0.06527018997933548,2.0,0.03742622397443962
1,0.0,0.2769939369181077,2.0,0.07667976021980658,2.0,0.07667976021980658,2.0,0.07642146894622749
1,0.0,0.12533138606647556,2.0,0.03048143597971983,2.0,0.03048143597971983,2.0,-0.03238214690117603
1,0.0,0.26703380534587734,2.0,0.11098699804714496,2.0,0.11098699804714496,2.0,0.10426231037982174
1,0.0,0.18769080423855306,2.0,0.02938305821623974,2.0,0.02938305821623974,2.0,0.009114602462492146
1,0.0,0.22067227591831048,2.0,0.024494047477339374,2.0,0.024494047477339374,2.0,-0.052404008968089014
1,0.0,0.2585431091492873,2.0,0.09012041408075618,2.0,0.09012041408075618,2.0,0.08852387460853783
1,0.0,0.11454982950106296,2.0,0.06025073756535101,2.0,0.06025073756535101,2.0,0.049950922767751926
1,0.0,0.26554599476626045,2.0,0.0766670120297269,2.0,0.0766670120297269,2.0,0.05551474554137416
1,0.0,0.2389449343621206,2.0,0.1253485766303524,2.0,0.1253485766303524,2.0,0.09057331947846968
1,0.0,0.16526981982634253,2.0,0.06204742185733184,2.0,0.06204742185733184,2.0,0.06089469429090179
1,0.0,0.15766700002505163,2.0,0.08154631606766878,2.0,0.08154631606766878,2.0,0.022879706986358904
1,1.0,0.10917678877301225,0.0,0.036410144117836586,1.0,0.03915870197029797,0.0,0.03818141575708224
1,0.0,0.26894274872670526,2.0,0.14690045626648474,2.0,0.14690045626648474,2.0,0.11073479806040354
1,0.0,0.19233655857006082,2.0,0.056114225395433676,2.0,0.056114225395433676,2.0,0.038815954138878415
1,0.0,0.2266232477591463,2.0,0.15505074979378403,2.0,0.08533238201324471,2.0,0.08533238201324471
1,0.0,0.21479710632425947,2.0,0.05020810462073036,2.0,0.05020810462073036,2.0,0.024155248024964462
1,0.0,0.07463507311570201,2.0,-0.06017958519208435,2.0,-0.08560108403946123,2.0,-0.10342769564348817
1,0.0,0.13844067211825398,2.0,-0.004933540022382116,2.0,-0.004933540022382116,2.0,-0.0823718489789016
1,0.0,0.21697934785843265,2.0,0.07392737032111585,2.0,0.07392737032111585,2.0,0.01706941028112791
1,0.0,0.07291421657047392,2.0,0.07523024416502942,2.0,0.021919067145954475,2.0,0.021919067145954475
1,0.0,0.2829221466177199,2.0,0.1914209769882936,2.0,0.18621974425717314,2.0,0.18363472325892297
1,0.0,0.19306617984828645,2.0,0.06469159395620286,2.0,0.06469159395620286,2.0,0.046146806619389684
1,0.0,0.2822994668474103,2.0,0.09277126827839435,2.0,0.09277126827839435,2.0,0.0687482110270011
1,0.0,0.2050552789841232,2.0,0.08974182102817847,2.0,0.08974182102817847,2.0,0.03647868629376547
1,0.0,0.2653035679142641,2.0,0.18193382148233564,2.0,0.18193382148233564,2.0,0.1468209894379607
1,0.0,0.16587479186830809,2.0,0.041053455841880776,2.0,0.041053455841880776,2.0,0.026972620943194404
1,0.0,0.16661456915282258,2.0,-0.03921195149982398,2.0,-0.03921195149982398,2.0,-0.049552678182328266
1,0.0,0.24271920467212107,2.0,0.1581684421048936,2.0,0.1581684421048936,2.0,0.13126043700817136
1,0.0,0.29145834903159895,2.0,0.1689972104072357,2.0,0.1689972104072357,2.0,0.1424310816077235
1,0.0,0.1345982076549157,2.0,0.0012920523675741622,2.0,0.0012920523675741622,2.0,-0.015210362279885233
1,0.0,0.2784344483827422,2.0,0.12673450382539755,2.0,0.12673450382539755,2.0,0.1266035155359083
1,0.0,0.033786139090308545,2.0,-0.07448290323497503,2.0,-0.07448290323497503,2.0,-0.08675840465268722
1,0.0,0.016135800643359663,2.0,0.01924247935650943,2.0,0.019212674997425724,2.0,-0.012208043778613755
1,0.0,0.3027744050719548,2.0,0.1232642236524164,2.0,0.1232642236524164,2.0,0.11275340515764203
1,0.0,0.27491054993565356,2.0,0.10092462137915459,2.0,0.10092462137915459,2.0,0.10037174668264619
1,0.0,0.18388406669685936,2.0,0.11194091188887988,2.0,0.09957993252668569,2.0,0.09591622283836473
1,0.0,0.2510405358151856,2.0,-0.0005473152270608786,2.0,-0.0005473152270608786,2.0,-0.03869216622849735
1,0.0,0.19758909943727596,2.0,0.1381668768012747,2.0,-0.028546982307072914,2.0,-0.028546982307072914
1,0.0,0.25353617512027105,2.0,0.15049468012480752,2.0,0.12222651776650548,2.0,0.12222651776650548
1,0.0,0.08712029164733374,1.0,0.17632743814908042,0.0,0.17632743814908042,4.0,0.12959436390653917
1,0.0,0.24842833679740925,2.0,0.16252947296800285,2.0,0.16252947296800285,2.0,0.13946889047427324
1,0.0,0.23901662375584026,2.0,0.07193115888253823,2.0,0.07193115888253823,2.0,0.05796872934215578
1,0.0,0.1722850978331014,2.0,0.12155157782842684,2.0,-0.12691632097930994,2.0,-0.12691632097930994
1,0.0,0.22439762750888684,2.0,0.13302702521321924,2.0,0.12425239560089972,2.0,0.08648196348030338
1,0.0,0.18210523520568522,2.0,0.020801083623436682,2.0,0.020801083623436682,2.0,-0.02834448255566273
1,0.0,0.2847834664651089,2.0,0.13275086962936108,2.0,0.13275086962936108,2.0,0.08243245705370733
1,0.0,0.14795550229597726,2.0,0.04337048152853326,2.0,0.03989212389213439,2.0,-0.002992085632558856
1,0.0,0.24797054800369678,2.0,0.13412612396749443,2.0,0.13412612396749443,2.0,0.08809800820984671
1,0.0,0.24474796074721872,2.0,0.14038192166619756,2.0,0.14038192166619756,2.0,0.13642544022019157
1,0.0,0.12572173188960728,2.0,-0.032103730599981374,2.0,-0.032103730599981374,2.0,-0.05961613690736365
1,0.0,0.24126085950941004,2.0,0.12125002148551277,2.0,0.12125002148551277,2.0,0.05763690423459758
1,0.0,0.09107976716073225,2.0,0.015928457656595608,2.0,-0.09812665140677726,2.0,-0.09812665140677726
1,0.0,0.3117398166540075,2.0,0.12613242046679424,2.0,0.12613242046679424,2.0,0.1213648061472542
1,0.0,0.10484387653541431,2.0,0.03739694664816338,2.0,-0.024548024637211452,2.0,-0.024548024637211452
1,0.0,0.25829892688823053,2.0,0.14019351845902087,2.0,0.14019351845902087,2.0,0.11219889788068818
1,0.0,0.2542669029450534,2.0,0.18629868465514882,2.0,0.0905727741025907,2.0,0.0905727741025907
1,0.0,0.06402637547740643,2.0,-0.06974432809041284,2.0,-0.06974432809041284,2.0,-0.11579079168863085
1,0.0,0.2574752082628285,2.0,-0.01378567797933615,2.0,-0.01378567797933615,2.0,-0.0346716552173398
1,0.0,0.20707259627187966,2.0,0.06553061338849515,2.0,0.06553061338849515,2.0,-0.02797620439819649
1,0.0,0.3415124393943647,2.0,0.18453408547415145,2.0,0.18453408547415145,2.0,0.14309715115758934
1,0.0,0.24993917209994643,2.0,0.15734630552959802,2.0,0.15734630552959802,2.0,0.14968853851327893
1,0.0,0.19519104287652608,2.0,0.15930593600825807,2.0,0.12592407893567298,2.0,0.12592407893567298
1,0.0,0.17667462745775692,2.0,-0.010209938176989862,2.0,-0.010209938176989862,2.0,-0.03929930785523601
1,0.0,0.12539852626217157,2.0,0.03804801823910349,2.0,-0.10123916374166143,2.0,-0.10123916374166143
1,0.0,0.18091932590747437,2.0,0.006485039235378734,2.0,0.006485039235378734,2.0,-0.0331136113596559
1,0.0,0.11561562383083863,2.0,-0.09706534573458785,2.0,-0.12948861582255092,2.0,-0.1513746940586177
1,0.0,0.29678937750049805,2.0,0.19533068263078776,2.0,0.19533068263078776,2.0,0.18952076221825662
1,0.0,0.18596397530374686,2.0,0.040703543395613176,2.0,0.040703543395613176,2.0,0.02306577398269324
1,0.0,0.17467228591681863,2.0,0.0735469852484243,2.0,0.0735469852484243,2.0,0.0418092843776354
1,0.0,0.22960756286953235,2.0,0.08640382072139602,2.0,0.08640382072139602,2.0,0.07018119783351036
1,0.0,0.25849284539511913,2.0,0.13423576139118065,2.0,0.09054640729644453,2.0,0.09054640729644453
1,0.0,0.2746307982418426,2.0,0.19603953909954056,2.0,0.19603953909954056,2.0,0.19221320951262527
1,0.0,0.10941826452661767,2.0,0.01775961592167672,2.0,0.01775961592167672,2.0,0.006608184887653478
1,1.0,-0.014022039824251136,0.0,-0.01476558688625894,1.0,-0.0124359811383762,0.0,-0.06444328399970693
1,0.0,0.22022031962767505,2.0,0.02866052963289562,2.0,0.02866052963289562,2.0,0.022153917522566107
1,0.0,0.04946130446390493,2.0,-0.014275534627034722,2.0,-0.014275534627034722,2.0,-0.037856772269626825
1,0.0,0.13731804621954044,2.0,0.002891201471799669,2.0,-0.03368035704850997,2.0,-0.03368035704850997
1,0.0,0.16932312025415144,2.0,0.11909991817634745,2.0,0.11514114460089453,2.0,0.11514114460089453
1,0.0,0.22543909457932895,2.0,0.04630713370550833,2.0,0.04630713370550833,2.0,-0.00020112223421540586
1,0.0,0.20463928847455556,2.0,-0.02147911900900723,2.0,-0.02147911900900723,2.0,-0.08249428352881845